Timestamp,"TEXT1: @user But not long ago the same Ray went off on a follower (who quite possibly pays for his services) for pointing out a guy (don‚Äôt remember who) for getting injured again. You guys pay this assholes bills

TEXT2: @user But not long ago the same Ray went off on a follower (who quite possibly pays for his services) for pointing out a guy (don‚Äôt remember who) for getting injured again. You guys pay this pricks bills","TEXT1: @user Free speech is alive but not so well since all social media platforms are run with a strict dictatorship of opinions by libtards.

TEXT2: @user Free speech is alive but not so well since all social media platforms are run with a strict tyranny of opinions by libtards.","TEXT1: @user Deep corruption in the Puerto Rican government is the cause for the ppls misery. Billions sent &amp; you don‚Äôt have the foresight to harden &amp; secure the power system on an island that will most likely get hit again. This is the Puerto Rican‚Äôs government ms fault.

TEXT2: @user Deep bribery in the Puerto Rican government is the cause for the ppls misery. Billions sent &amp; you don‚Äôt have the foresight to harden &amp; secure the power system on an island that will most likely get hit again. This is the Puerto Rican‚Äôs government ms fault.","TEXT1: @user Bullshit. People died because of an incompetent government in Puerto Rico. And you can start with that mayor. Stop lying Gutierrez.

TEXT2: @users Baloney. People died because of an inept government in Puerto Rican. And you can start with that mayor. Stopped lies Gutierrez.","TEXT1: @user @user @user It started with Cameron and May is even worse. She is not a Conservative!

TEXT2: @user @user @user It launches with Cameron and May is even worse. She is not a Conservative!","TEXT1: @user @user Why do liberals shout and hang their mouths open? Slack jaws.

TEXT2: @user @user Why do liberals shout and hang their mouths open? Lax jaws.","TEXT1: @user Bob is an old man living in the past. He has no idea what the working class has been through. Promises from both the Dems &amp; Rep career politicians with their expensive law degrees and never worked a day in their lives. It took @user to finally listen and take action.

TEXT2: @user Bob is an old man living in the past. He has no idea what the collaborated class has been through. Promises from both the Dems &amp; Rep careers politicians with their expensive law degrees and never worked a day in their lives. It took @user to finally listen and take action.","TEXT1: @user @user Word cause her music SLAPS THERE'S NO REASON SHE SHOULDN'T BE SELLING OUT BIG ASS SHOWS (idk if she is or isn't but she DESERVES)

TEXT2: @user @user Word cause her music SLAPS THERE'S NO REASON SHE SHOULDN'T BE SELLING OUT BIG BUTT SHOWS (idk if she is or isn't but she DESERVES)","TEXT1: @user @user And what if she is lying? What if Kavanaugh is the victim of a smear and character assassination? What then?

TEXT2: @user @user And what if she is lying? What if Kavanaugh is the victim of a smear and character murder? What then?","TEXT1: @user @user says social housing is good and in the same breath talks of climbing the ladder.   Hypocrisy incarnate from a failed lying politician lining her party's pockets with tax money for real estate builders @user building their failure of lies

TEXT2: @user @user says social housing is good and in the same breath discussions of climbing the ladder.   Hypocrisy incarnate from a failed lie politics lining her party's pockets with taxation cash for actual estate constructors @users building their failure of lies","TEXT1: @user Eight years the republicans denied obama‚Äôs picks. Breitbarters outrage is as phony as their fake president.

TEXT2: @user Eight yr the republicans denied obama‚Äôs opt. Breitbarters indignation is as faked as their fake presidents.","TEXT1: @user @user Not supporting trump is the lowest low bar. I‚Äôm glad someone doesn‚Äôt support trump. It doesn‚Äôt make them an ally. There are plenty of conservatives who hate trump who aren‚Äôt also pure trash.

TEXT2: @user @user Not supporting trump is the lowest low bar. I‚Äôm happy someone doesn‚Äôt support trump. It doesn‚Äôt make them an ally. There are plenty of conservatives who hate trump who aren‚Äôt also sheer rubbish.","TEXT1: @user @user @user @user What you're doing is so irresponsible &amp; I believe that ur smart enough to understand how evil you are. If the FBI or JD had some plot to thwart DT, all they had to do was leak"""" to the press that he was being investigated. They DID NO SUCH THING. U know you're wrong, that's evil!""""

TEXT2: @user @user @user @user What you're doing is so irresponsible &amp; I believe that ur crafty enough to understand how maleficent you are. If the FBL or JD had some plot to thwart DT, all they had to do was leaks"""" to the press that he was being investigated. They AI NONE SUCH THING. U know you're amiss, that's maleficent!""""","TEXT1: @user @user Actually he is a soy boy.

TEXT2: @users @user Actually he is a soybean boy.","TEXT1: @user &gt;Eradicating HIV and Malaria in the middle of Africa  Good bloody luck

TEXT2: @user &gt;Delete HIV and Malaria in the middle of Africa  Good bloody chances","TEXT1: @user @user He gets confirmed. Conservatives don‚Äôt care that he‚Äôs a rapist. At all.

TEXT2: @user @user He gets confirmed. Conservatives don‚Äôt care that he‚Äôs a violator. At all.","TEXT1: @user Hope they continue to crash @user

TEXT2: @user Hope they continue to crash @users","TEXT1: @user @user @user She did it and she is alive is greatness of Hinduism. You should try it with Quran if you have guts.

TEXT2: @user @user @user She did it and she is alive is grandeur of Hinduism. You should try it with Koran if you have intestines.","TEXT1: @user @user @user I know you're not this naive. Those people make up a very small % of Trump supporters. Do all Liberals support terrorist and (groups such as Antifa?

TEXT2: @user @user @user I know you're not this ingenuous. Those people make up a very small % of Trump supporters. Do all Liberals support terrorist and (groups such as Antifa?","TEXT1: @user All liberals should cross the floor and leave Trudeau all alone to implode! Guy is leading  our country into financial disaster!

TEXT2: @user All liberals should cross the floor and leave Trudeau all alone to implode! Dude is leading  our country into financial disaster!","TEXT1: @user Of course he is offended he is ill due to liberalism!

TEXT2: @user Of course he is offended he is unwell due to liberalism!","TEXT1: @user primary argument against #Kavanaugh is that he is too Constitutional""""  The democrats started a civil war during Clinton  They heightened their propaganda during Obama  They are scared animals backed into a corner  Antifa, BLM &amp; MS13 are their Sturmabteilung""""

TEXT2: @user primary argument against #Kavanaugh is that he is too Constitutional""""  The democrats started a civil war during Clinton  They heightened their propaganda during Obama  They are afraid animal backed into a corner  Antifa, BLM &amp; MS13 are their Sturmabteilung""""","TEXT1: @user Dear Paul McFartney-  You had us at Beatles.  You lost us at President Mad Captain.  Burn in hell-  Jon.""""

TEXT2: @user Dear Paul McFartney-  You had us at Beatles.  You lost us at Presidents Mad Captain.  Combust in hell-  Jon.""""","TEXT1: @user Carrey should be shut up for good

TEXT2: @user Carrey should be closed up for good","TEXT1: @user @user @user @user @user ...how you want to be defined""""? PUL-EASE! When you live under a 24/7/365 MSMedia SHIT-SMEAR to the point you have Marxine Waters sending her ANTIFA minions out to threaten you in public places - you learn not to give a F*CK what the """"Pavlovian Left"""" thinks. Night, night üåô!""""

TEXT2: @users @user @user @user @users ...how you want to be defined""""? PUL-EASE! When you live under a 24/7/365 MSMedia SHIT-SMEAR to the point you have Marxine Waters dispatching her ANTIFA minions out to threatening you in public locations - you learned not to give a F*CK what the """"Pavlovian Left"""" thinks. Nightly, nocturnal üåô!""""","TEXT1: @user @user Well, see, if I start talking at Dana about sensible gun control laws and she ignores me (or calls me a tragedy dry-humping whore"""" as she did @user then we aren't having a conversation. I'm just talking into the void.""""

TEXT2: @user @users Well, see, if I start talking at Dana about sensible gun controlling laws and she ignores me (or calls me a tragedy dry-humping harlot"""" as she did @user then we aren't having a conversation. I'm just talking into the vacuum.""""","TEXT1: @user We had Leveon Bell. Thats the dumbest argument. But we can compare college for when he played. His best season was 1700 yds 26 TDs. How about Collins? And this is Conners first year starting and he is starting much better than Collins

TEXT2: @user We had Leveon Bell. Isnt the dumbest argument. But we can compare universities for when he played. His best season was 1700 yds 26 TDs. How about Collins? And this is Conners first year starting and he is starting much better than Collins","TEXT1: @user @user @user Look Ellen.... I am not a socialist commie... you are the one for government Universal Health Care bigger government gun control and free colleges. I am American I'm for capitalism

TEXT2: @user @user @user Look Ellen.... I am not a socialists commie... you are the one for government Universal Health Care bigger government gun controlling and free colleges. I am American I'm for capitalism","TEXT1: @user Yet the number of applications from liberals that were rejected was higher then yours.  You sound salty that the liberals had more people looking for use this program but you guys just had people with worst values.

TEXT2: @user Yet the number of application from liberals that were rejected was higher then yours.  You sound salty that the liberals had more people searching for utilizes this programmed but you blokes just had people with worst values.","TEXT1: @user Eric u got alot of balls ...

TEXT2: @users Erick u got afar of balls ...","TEXT1: @user @user Simply to get the smear campaign going by the media. The democrats want a he said under oath while she‚Äôs supposed to get a pass on her she said lies. This woman is a fraud in cahoots with the liberals to delay &amp; divert until midterms.

TEXT2: @users @users Merely to get the smear campaign going by the media. The democrats want a he said under oath while she‚Äôs supposed to get a pass on her she said lurks. This woman is a swindle in cahoots with the liberals to delay &amp; divert until midterms.","TEXT1: @user @user Their gullibility.   They think if a politician has an R by their name he is a good guy and don't research that person at all.

TEXT2: @user @user Their gullibility.   They think if a politician has an R by their name he is a good bloke and don't research that person at all.","TEXT1: @user @user @user Oh...July...so like 35 &amp; 3/4 years ago...  NO...that's a difference maker.  I had no idea!   Please share your thoughts on serial woman abuser &amp; Antifa lover @user ü§î

TEXT2: @user @user @user Oh...July...so like 35 &amp; 3/4 years ago...  NO...that's a divergence maker.  I had no brainchild!   Please share your thoughts on serial woman abuser &amp; Antifa lover @user ü§î","TEXT1: @user The Dems playing a con game. It must be Antifa don‚Äôt you think.

TEXT2: @users The Dems playing a con game. It must be Antifa don‚Äôt you think.","TEXT1: @user @user Idk what to think about her...but with her eyes like they r...she is naturally bugging out all the time...which is untrustworthy

TEXT2: @user @user Idk what to think about her...but with her eyes like they r...she is naturally wiretap out all the time...which is untrustworthy","TEXT1: @user Its like saying the brown shirts afe better than nazis because they pretended to be socialists.

TEXT2: @users Its like saying the brown shirts afe better than nazi because they pretended to be socialists.","TEXT1: @user @user @user fash""""&lt;That's a give away phrase for #antifa types, the genuine fascists who want to close down free speech. This [ex-]muslim nails the apologists who are really just providing cover for radical islam.

TEXT2: @user @user @user fash""""&lt;That's a give away phrases for #antifa types, the true fascist who want to close down free speech. This [ex-]muslims nails the apologists who are really just supplying cover for radical islam.","TEXT1: @user @user @user Oh boy just wait! YOU ARE IN FOR A SURPRISE! Can't believe ANYONE to be that IGNORANT! LMAO!

TEXT2: @user @user @user Oh boy just wait! YOU ARE IN FOR A SURPRISE! Can't believe ANYONE to be that UNINFORMED! LMAO!","TEXT1: @user I like that after dating for 8 months you finally understand it when I cringe at the word cock lol

TEXT2: @user I like that after dating for 8 months you finally understand it when I cringe at the word rooster lol","TEXT1: @user @user The last thing parents need to learn from the liberals is the ethics of raising their own child.

TEXT2: @user @user The last thing parents need to learn from the liberals is the morality of raising their own infantile.","TEXT1: @user @user @user @user Who is fawning? And who are you to decide who is and who isn't reasonable? It is fully possible to be reasonable and still be wrong. I'm guessing you have never watched Daves show and are going by what you have heard from people you are fawning over.

TEXT2: @users @user @users @user Who is fawning? And who are you to decide who is and who isn't reasonable? It is fully doable to be reasonable and still be awry. I'm guesses you have never watched Daves displaying and are going by what you have heard from people you are fawning over.","TEXT1: #USA (I feel your pain, even while I profit causing it!) #liberals , U gotta luv 'em! Redistributing wealth not on their menu- serve up identity politics slop. So you destroyed #Libya -ya'll never catch Bill now -he's got million dead #Iraqi kids (sanctions '90's) under his belt

TEXT2: #USA (I feel your pains, even while I profit provoking it!) #liberals , U gotta luv 'em! Redistributing wealth not on their menu- serve up identity politics slop. So you destroyed #Libya -ya'll never catch Bill now -he's got million dead #Iraqi child (sanction '90's) under his belt","TEXT1: @user @user @user @user @user He lost his virginity This process has been turned into a clown show Protestors democrats paid for was unethical There hate shows in everyway TRUMP denounced Natzi group  and bad on both sides which is true But democrats refuse to denounce Antifa a democratic domestic terror-

TEXT2: @user @user @user @user @user He lost his virginity This process has been turned into a jester show Protestors democrats paid for was unethical There hate shows in everyway TRUMP denounced Natzi group  and bad on both sides which is true But democrats refuse to denounce Antifa a democratic domestic terror-","TEXT1: @user @user @user @user @user Maybe they should have started the checks 10 years ago Arron then there wouldn‚Äôt be so many Bloody Liberals in the Party.

TEXT2: @user @user @user @user @user Perhaps they should have started the verifying 10 years ago Arron then there wouldn‚Äôt be so myriad Bloody Liberals in the Party.","TEXT1: @user @user Can you name one Democratic leader who endorses open borders?  Second point syntactically nonsensical.  I lament climate change &amp; I don‚Äôt have a private jet.   I favor more gun control &amp; I don‚Äôt glorify guns or have armed security.   Who is this fantasy ‚Äúthey‚Äù you r fixated on?

TEXT2: @user @user Can you name one Democratic leader who endorses opens borders?  Seconds point syntactically ridiculous.  I lament climate change &amp; I don‚Äôt have a private jet.   I favor more gun control &amp; I don‚Äôt glorify guns or have armed security.   Who is this fantasy ‚Äúthey‚Äù you r obsessed on?","TEXT1: @user Yes Comie (communist pun intended) WE do and will emerge stronger when u &amp; all ur cronies are put to death at Gitmo. WE THE PEOPLE WILL INDEED BE STRONGER. #MAGA #DrainTheSwamp

TEXT2: @user Yes Comie (communist pun intended) WE do and will emerge stronger when u &amp; all ur cronies are put to deaths at Gitmo. WE THE PEOPLE VOLITION INDEED BE STRONGER. #MAGA #DrainTheSwamp","TEXT1: @user Hey why don‚Äôt you look at what Keith Elison of Minnesota get off your bully pulpit and do a investigation into his past abuse or do you just CHEERY PICK ‚Ä¶‚Ä¶!!!

TEXT2: @user Hey why don‚Äôt you look at what Keith Elison of Minnesota get off your bully pulpit and do a investigation into his past misused or do you just CHEERY PICK ‚Ä¶‚Ä¶!!!","TEXT1: @user @user Can you show me gun control organisations that are exclusively trying to take away guns from black people??

TEXT2: @user @user Can you displaying me gun control agencies that are merely trying to take away guns from nigger people??","TEXT1: @user @user There's zero evidence of any gaff and it's not their jobs to do any such thing; this is just more hijinx and chicanery from two buffoons that have no platforms or morals. #CONservatives #cdnpoli

TEXT2: @user @user There's zero evidence of any gaff and it's not their jobs to do any such thing; this is just more hijinx and chicanery from two buffoons that have no platforms or morale. #CONservatives #cdnpoli","TEXT1: @user @user Yeah and guess what helped DC become Not the Murder Capital of the World?  Gun control! It works!

TEXT2: @user @user Yeah and guess what helped DC become Not the Assassinated Capital of the World?  Gun control! It works!","TEXT1: @user He is starting to tweet nonsense like Mango Mussolini

TEXT2: @user He is starting to tweet absurdity like Mango Mussolini","TEXT1: @user @user And that's where you are seeing what you want to see. You think these people want to look manly and powerful. I see them expressing solidarity. what a useless thing to mock.

TEXT2: @user @user And that's where you are seeing what you want to see. You think these people want to look manly and powerful. I see them expressing solidarity. what a vain thing to mock.","TEXT1: @user @user You are pathetic. This has nothing to do with him his dad or the wall or Mexico. This is about Swallwell thinking its ok for liberals to threaten repubs but not the other away around.

TEXT2: @user @user You are measly. This has nothing to do with him his dad or the wall or Mexico. This is about Swallwell thinking its ok for liberals to threaten repubs but not the other away about.","TEXT1: @user @user I don't understand how it's racist tho..

TEXT2: @user @user I don't comprehend how it's racist tho..","TEXT1: @user Mueller can go fornicate himself. He is as crooked as the day is long.

TEXT2: @user Muller can go fornicate himself. He is as twisty as the day is long.","TEXT1: @user Yeah I'll not take my gun control policy advice from a Jean's company. Beyond that trumps die hard are almost enough that the snowflakes they claim to dislike and themselves are hard to tell a part

TEXT2: @user Yeah I'll not take my gun controlling policy advice from a Jean's company. Beyond that trumps dies hard are almost enough that the snowflakes they claim to dislike and themselves are hard to tell a part","TEXT1: @user @user and that is why he is trying to end Obamacare so that only a priveledged few can benifit.  But his tax cuts are killing us anyway.

TEXT2: @user @user and that is why he is trying to end Obamacare so that only a priveledged few can benifit.  But his tax cuttings are murdering us anyway.","TEXT1: @user Picking acts by such nonsensical elements and portraying to world. Pseudo Liberals pastime. Our's is a Country with much great achievements dating back Centuries. Spread that. But that won't suit your agenda. @user

TEXT2: @user Picking act by such nonsensical elements and depicting to world. Fake Liberals hobby. Our's is a Country with much great achievement date back Centuries. Spread that. But that won't suit your agenda. @user","TEXT1: @user Do I care üö´pe.  Hope they fold like a cheap table.  Wonder what the spoiled primadonnas do when their huge salaries can't be made.  Bet it won't be bailed out like GM &amp; Too Big To Fail Banks were

TEXT2: @user Do I care üö´pe.  Hope they collapsible like a cheaper table.  Wonder what the spoiled primadonnas do when their huge salaries can't be made.  Bet it won't be bailed out like GM &amp; Too Big To Fail Banks were","TEXT1: @user @user @user @user So you are ok with the racial epithats that the left calls black conservatives? #bigotry #hypocrisy #walkaway I did. Many have. Dont be blind. You are being a tool for a establishment. Keep resisting the outsider and be for the political elite millionaires.

TEXT2: @users @user @users @user So you are ok with the ethnic epithats that the left calls negro conservatives? #bigotry #hypocrisy #walkaway I did. Many have. Dont be blinded. You are being a tool for a establishment. Keep resisting the outsider and be for the political elite millionaires.","TEXT1: @user GOD DAMN IT... YOU ARE SO RIGHT. THERE'S NO GOING WRONG WITH THIS STUFF.

TEXT2: @user GOD DAMN IT... YOU ARE SO RIGHTS. THERE'S NO GOING WRONG WITH THIS STUFF.","TEXT1: @user FASCIST LEFT ARE EVERYWHERE. We must crush them; boycotts work folks.

TEXT2: @user FASCISM LEFT ARE EVERYWHERE. We must crush them; boycotts work folks.","TEXT1: @user So the overwhelming liberals in the populated states can make policy for the rest of America with whom they have no clue about.  Just because California has the biggest population does not mean the U.S. shares in their values.  Get a clue Hillary.

TEXT2: @user So the gigantic liberals in the inhabited states can make politics for the resting of America with whom they have no clue about.  Just because California has the biggest population does not mean the U.S. exchanging in their valued.  Get a clue Hillary.","TEXT1: @user She is she blocked me

TEXT2: @user She is she clogged me","TEXT1: @user @user @user @user @user Haha üòÇ Trump is still winning. It‚Äôs fun to watch the liberals literally go insane.

TEXT2: @user @user @user @user @user Haha üòÇ Trump is still winning. It‚Äôs fun to watch the liberals literally go madmen.","TEXT1: @user She is a drama queen she pulled the feel sorry for me card too because she is now a  ‚Äòworking‚Äô mom...give me a break

TEXT2: @user She is a theatrical queen she pulled the feel sorry for me card too because she is now a  ‚Äòworking‚Äô mam...give me a break","TEXT1: @user @user @user way more accurate than most theories.Most history ancient Egypt ect is all made up BS . It‚Äôs all been fabricated for us I don‚Äôt claim to know why.But if you start looking into history ect there‚Äôs no fucking proof of anything.Enjoy the show.Our consciousness is def changing #Doit

TEXT2: @user @user @user way more accurate than most theories.Most history ancient Egypt ect is all made up BS . It‚Äôs all been fabricated for us I don‚Äôt claim to know why.But if you start looking into history ect there‚Äôs no goddam proof of anything.Enjoy the show.Our consciousness is def changing #Doit","TEXT1: @user Shameful.  #NRA is spending over a million $ to get Kavanaugh installed.  Gun control isn't his pot of Tea.

TEXT2: @user Ignoble.  #NRA is spending over a million $ to get Kavanaugh installed.  Gun control isn't his pot of Tea.","TEXT1: @user @user SHE IS A FUCKING MESS!! I HATE HER SO MUCH

TEXT2: @user @user SHE IS A GODDAM MESS!! I HATRED HER SO MUCH","TEXT1: @user   Your continual use of Left liberal Progressive on your show are Euphemisms for the democrat Party who owns"""" them until deny them &amp; ideology.  You are lying to the Public by not calling a spade a spade.""""

TEXT2: @user   Your continual use of Left liberal Progressive on your show are Euphemisms for the democrat Party who owns"""" them until deny them &amp; ideology.  You are lie to the Public by not calling a spade a spade.""""","TEXT1: @user That was Awesome. I love hearing you destroy the Liberals but most of all Trudeau

TEXT2: @user That was Awesome. I love hearing you destroys the Liberals but most of all Trudeau","TEXT1: @user I don't know any GOP who think delusion.  I do know GOP who realize that LIBERALS lie about everything.

TEXT2: @user I don't know any REPUBLICANS who think delusion.  I do know REPUBLICANS who realizing that LIBERALS lie about everything.","TEXT1: @user It's a guy. Guy looks like a Sheila. #QANON #MAGA #GREATAWAKENING -Crocodile Dundee

TEXT2: @user It's a dude. Guy looks like a Sheila. #QANON #MAGA #GREATAWAKENING -Crocodile Dundee","TEXT1: @user I don't believe she's even getting death threats. Conservatives don't roll that way. Plus her &amp; her attorneys bankroll is Soros

TEXT2: @user I don't believe she's even getting deaths threats. Conservatives don't roll that way. Plus her &amp; her attorneys bankroll is Soros","TEXT1: @user @user What a waste of one‚Äôs short life.ü§∑üèª‚Äç‚ôÇÔ∏èüá∫üá∏

TEXT2: @users @users What a waste of one‚Äôs short vie.ü§∑üèª‚Äç‚ôÇÔ∏èüá∫üá∏","TEXT1: @user @user You are right I'm black so thanks

TEXT2: @user @user You are right I'm nigger so thanking","TEXT1: @user @user @user Silly rabbit üêá laws and rules aren‚Äôt for liberals.

TEXT2: @user @user @user Asinine rabbit üêá laws and rules aren‚Äôt for liberals.","TEXT1: @user @user @user @user Name the social injustices caused by the GOP and the death of anyone caused by members of it I dare you. How many people have lost their lives to the idiocy of gun control?

TEXT2: @users @user @users @user Name the social injustices caused by the REPUBLICANS and the deaths of anybody caused by members of it I dare you. How numerous people have lost their lives to the ineptitude of gun controls?","TEXT1: @user .@USER your the perfect example of why Americans despise lying liberals. Disgusting

TEXT2: @user .@USER your the perfect example of why Americans despise lies liberals. Detestable","TEXT1: @user Your looking more like a plant #maga #walkaway

TEXT2: @user Your looking more like a plants #maga #walkaway","TEXT1: @user @user Too bad he can‚Äôt write a law to take away the stupidity from liberals.

TEXT2: @user @user Too bad he can‚Äôt write a law to take away the folly from liberals.","TEXT1: @user @user The name alt right is to make people think its a right wing group.just like ANTIFA that are fascist. BLM that really to they all black lives dont matter.

TEXT2: @user @user The name alt right is to make people think its a right wing group.just like ANTIFA that are fascism. BLM that really to they all black lives dont matter.","TEXT1: @user @user Ikkk he is a fucking prince 6al3 mn al stories bta3in Disney kida ahhoooüòπüò≠üòπüò≠üòπüíúüíúüíú

TEXT2: @user @user Ikkk he is a goddam prince 6al3 mn al stories bta3in Disney kida ahhoooüòπüò≠üòπüò≠üòπüíúüíúüíú","TEXT1: @user @user @user @user eto ba ang hindi corrupt? you are so naive if you think that this admin is different from previous admins

TEXT2: @user @user @user @user eto ba ang hindi corrupt? you are so gullible if you think that this admin is disparate from previous admins","TEXT1: @user @user @user @user @user Typical violent antifa... @user hooligans are stalking California causing mayhem.

TEXT2: @user @user @user @user @user Typical violent antifa... @users hooligans are stalking Californian causing shambles.","TEXT1: @user He is a DUMBASS !!!!!

TEXT2: @users He is a JERK !!!!!","TEXT1: @user @user @user @user Not a conservative. Antifa is a left wing terror group that uses fascist tactics and violence to silence opposing views. They are NO DIFFERENT than the ‚ÄúSturmabteilung‚Äù brown shirts. Thugs.

TEXT2: @users @user @user @user Not a conservative. Antifa is a left wing terror group that uses fascism tactics and violence to silence opposing views. They are NO DIFFERENT than the ‚ÄúSturmabteilung‚Äù brown shirts. Lowlifes.","TEXT1: @user #metoo is the BEST WEAPON the Liberals have because there is NO DUE PROCESS .. its all DISGUSTING ... and WOMAN are the ones USING it as the weapon .. shameful and TYPICAL Liberalism .. USE emotions FOR their own BENEFIT ... @user  POSTER CHILD for USING Woman

TEXT2: @user #metoo is the BEST WEAPON the Liberals have because there is NO DUE PROCESS .. its all DISGUSTING ... and WOMAN are the ones USING it as the weapon .. ignoble and TYPICAL Liberalism .. USE emotions FOR their own BENEFIT ... @user  POSTER ENFANT for USING Woman","TEXT1: @user Fascist always control the media.

TEXT2: @user Fascism always control the media.","TEXT1: @user Robyn I was gonna make vegan scones but I ran out of fucking time.  Blame my biochem lab

TEXT2: @user Robyn I was gonna make vegan scones but I ran out of goddam time.  Blame my biochem lab","TEXT1: @user @user @user @user @user @user Pedophilia is the worst of all evil

TEXT2: @user @user @user @user @user @user Pedophilia is the worst of all diabolic","TEXT1: @user Political hit job. What a slap in the face to all the women that were really abused. You liberals know this is a hit. Your leader @user told you to lie and do whatever you have to do to regain power. Pathetic

TEXT2: @users Polices struck jobs. What a slap in the face to all the woman that were genuinely maltreated. You liberals know this is a hit. Your leader @user told you to lying and do whichever you have to do to recover power. Lamentable","TEXT1: @user yup fooled antifa threw big ol' fire pit rocks at mah truck called the cops said them commies dunnit neat lawyer trick huh

TEXT2: @user yup fooled antifa threw grands ol' fire pit rocks at mah truck called the constabulary said them commies dunnit neat lawyer stratagem huh","TEXT1: Shame on @user @user @user @user @user and all the rest of the left wing media that are not doing their jobs and purposely looking the other way. This is the best example yet of their #FakeNews bias. #MAGA #WalkAway from the bias and corruption of the left.

TEXT2: Ignominy on @user @user @user @user @user and all the rest of the left wing media that are not doing their jobs and purposely looking the other way. This is the best example yet of their #FakeNews bias. #MAGA #WalkAway from the bias and bribery of the left.","TEXT1: @user It‚Äôs Good for our Gun Business. More Guns sell when these people bring up Gun Control. Keep up the Great Work. Guns for All.

TEXT2: @user It‚Äôs Good for our Gun Business. More Guns sell when these people bring up Gun Control. Keep up the Great Work. Handguns for All.","TEXT1: @user Crazy liberals

TEXT2: @user Mad liberals","TEXT1: @user @user @user Kwasia does ur Shatta Wale even have a career to start with . Idiot..his reign album hype seff Dey zero . As if he is not about to release an album üòÇüòÇüòÇü§¶üèº‚Äç‚ôÇÔ∏èü§¶üèº‚Äç‚ôÇÔ∏è hype no yh vim zero

TEXT2: @user @user @user Kwasia does ur Shatta Wale even have a career to start with . Knucklehead..his reign album hype seff Dey zero . As if he is not about to release an album üòÇüòÇüòÇü§¶üèº‚Äç‚ôÇÔ∏èü§¶üèº‚Äç‚ôÇÔ∏è hype no yh vim zero","TEXT1: @user About 20 of them Motherfuckers ‚ÄºÔ∏è

TEXT2: @user About 20 of them Cocksuckers ‚ÄºÔ∏è","TEXT1: A BUNCH OF VULTURES!  TIM ISNT EVEN GONE YET -WTF?  HAVE YOU NO SHAME?  ALL YOU SEE ARE $$ I HOPE HE LEFT EVERY PENNY TO AN ANIMAL RESCUE!  'Carol Burnett' star Tim Conway recovers from brain surgery as family battle over comic's fate rages on #FoxNews

TEXT2: A BUNCH OF VULTURES!  TIM ISNT EVEN GONE YET -WTF?  HAVE YOU NO IGNOMINY?  ALL YOU SEE ARE $$ I HOPE HE LEFT EVERY PENNY TO AN ANIMAL RESCUE!  'Carol Burnett' star Tim Conway recovers from brain surgery as family battle over comic's fate rages on #FoxNews","TEXT1: @user I think the FBI should do the original interview.  They scare people more than feckless congress that will have to handle her with kids gloves or be demonized in media and left. Put her under oath and attempt to get the truth. She will be protected by liberals in congress

TEXT2: @user I think the FBI should do the original interview.  They scare people more than feckless congress that will have to handle her with kids gloves or be demonized in media and left. Put her under oath and attempt to get the truth. She will be protections by liberals in congress"
16/09/2022 18:51:39,Agree,Agree,Strongly Agree,Disagree,Strongly Agree,Strongly Agree,Agree,Strongly Agree,Strongly Agree,Strongly Disagree,Agree,Agree,Disagree,Agree,Disagree,Agree,Strongly Agree,Agree,Disagree,Strongly Agree,Agree,Agree,Strongly Agree,Disagree,Disagree,Agree,Disagree,Agree,Disagree,Strongly Disagree,Strongly Disagree,Strongly Agree,Agree,Strongly Agree,Disagree,Agree,Agree,Strongly Agree,Agree,Agree,Disagree,Disagree,Strongly Agree,Agree,Agree,Strongly Disagree,Agree,Agree,Strongly Agree,Strongly Agree,Strongly Agree,Strongly Agree,Disagree,Agree,Disagree,Agree,Agree,Disagree,Disagree,Agree,Strongly Agree,Agree,Agree,Agree,Agree,Agree,Agree,Agree,Disagree,Agree,Strongly Agree,Strongly Disagree,Strongly Agree,Strongly Agree,Disagree,Disagree,Agree,Disagree,Agree,Strongly Agree,Strongly Agree,Strongly Agree,Strongly Agree,Strongly Agree,Agree,Strongly Agree,Agree,Disagree,Agree,Strongly Agree,Strongly Agree,Disagree,Agree,Agree,Agree,Strongly Agree,Agree,Agree,Agree,Agree
19/09/2022 15:04:44,Strongly Agree,Strongly Agree,Strongly Agree,Agree,Strongly Agree,Strongly Agree,Disagree,Strongly Agree,Strongly Agree,Strongly Agree,Strongly Agree,Strongly Agree,Disagree,Strongly Agree,Strongly Agree,Agree,Strongly Agree,Strongly Agree,Strongly Agree,Strongly Agree,Strongly Agree,Agree,Strongly Agree,Strongly Agree,Strongly Agree,Strongly Agree,Agree,Strongly Agree,Agree,Disagree,Agree,Strongly Agree,Agree,Strongly Agree,Agree,Strongly Agree,Strongly Agree,Strongly Agree,Strongly Agree,Agree,Agree,Strongly Agree,Agree,Agree,Agree,Disagree,Strongly Agree,Strongly Agree,Strongly Agree,Strongly Agree,Strongly Agree,Strongly Agree,Strongly Agree,Strongly Agree,Agree,Strongly Agree,Strongly Agree,Strongly Agree,Agree,Agree,Strongly Agree,Agree,Strongly Agree,Disagree,Strongly Agree,Strongly Agree,Strongly Agree,Strongly Agree,Agree,Agree,Strongly Agree,Strongly Agree,Strongly Agree,Agree,Agree,Disagree,Agree,Agree,Strongly Agree,Agree,Strongly Agree,Strongly Agree,Strongly Agree,Strongly Agree,Strongly Agree,Agree,Strongly Agree,Agree,Agree,Strongly Agree,Strongly Agree,Agree,Disagree,Strongly Agree,Strongly Agree,Strongly Agree,Agree,Strongly Agree,Strongly Agree,Strongly Agree
19/09/2022 22:55:28,Strongly Agree,Strongly Agree,Strongly Agree,Agree,Agree,Disagree,Disagree,Strongly Agree,Strongly Agree,Strongly Disagree,Strongly Agree,Strongly Agree,Disagree,Disagree,Disagree,Disagree,Agree,Agree,Disagree,Strongly Agree,Agree,Strongly Agree,Agree,Disagree,Disagree,Disagree,Disagree,Agree,Disagree,Disagree,Disagree,Strongly Agree,Strongly Disagree,Agree,Agree,Agree,Strongly Agree,Strongly Agree,Strongly Agree,Disagree,Disagree,Strongly Agree,Strongly Agree,Strongly Agree,Strongly Agree,Disagree,Disagree,Disagree,Strongly Agree,Disagree,Strongly Agree,Agree,Disagree,Agree,Disagree,Agree,Strongly Agree,Agree,Strongly Disagree,Agree,Disagree,Strongly Agree,Disagree,Strongly Disagree,Disagree,Disagree,Strongly Agree,Strongly Agree,Strongly Disagree,Disagree,Agree,Strongly Agree,Strongly Agree,Agree,Disagree,Disagree,Disagree,Strongly Disagree,Disagree,Agree,Strongly Agree,Disagree,Strongly Agree,Disagree,Disagree,Strongly Agree,Agree,Disagree,Agree,Strongly Agree,Disagree,Strongly Disagree,Disagree,Disagree,Agree,Strongly Agree,Agree,Agree,Disagree,Disagree
22/09/2022 20:44:22,Strongly Agree,Agree,Strongly Agree,Strongly Disagree,Strongly Agree,Strongly Agree,Strongly Disagree,Disagree,Strongly Agree,Strongly Disagree,Strongly Agree,Strongly Agree,Strongly Disagree,Strongly Disagree,Strongly Disagree,Strongly Disagree,Strongly Agree,Agree,Strongly Disagree,Strongly Agree,Agree,Agree,Strongly Agree,Strongly Agree,Disagree,Disagree,Strongly Disagree,Agree,Strongly Disagree,Strongly Disagree,Agree,Strongly Agree,Disagree,Strongly Agree,Strongly Agree,Strongly Agree,Agree,Disagree,Disagree,Disagree,Strongly Disagree,Disagree,Agree,Disagree,Agree,Strongly Agree,Agree,Strongly Disagree,Agree,Strongly Agree,Agree,Agree,Agree,Agree,Agree,Agree,Agree,Agree,Agree,Strongly Disagree,Agree,Strongly Agree,Agree,Strongly Disagree,Strongly Agree,Disagree,Agree,Agree,Agree,Strongly Agree,Strongly Agree,Strongly Agree,Strongly Agree,Strongly Agree,Strongly Disagree,Strongly Disagree,Agree,Disagree,Strongly Agree,Strongly Agree,Agree,Agree,Agree,Agree,Agree,Agree,Disagree,Agree,Agree,Agree,Agree,Strongly Disagree,Strongly Disagree,Agree,Disagree,Agree,Agree,Agree,Agree,Agree
24/09/2022 19:58:55,Strongly Agree,Strongly Agree,Agree,Agree,Agree,Agree,Disagree,Agree,Strongly Agree,Agree,Agree,Strongly Agree,Agree,Disagree,Disagree,Agree,Strongly Agree,Disagree,Strongly Agree,Strongly Agree,Strongly Agree,Strongly Agree,Agree,Disagree,Agree,Strongly Agree,Strongly Disagree,Strongly Agree,Agree,Disagree,Disagree,Strongly Agree,Agree,Strongly Agree,Disagree,Strongly Agree,Strongly Agree,Strongly Agree,Disagree,Agree,Disagree,Agree,Strongly Agree,Agree,Agree,Disagree,Strongly Agree,Agree,Strongly Agree,Disagree,Agree,Strongly Agree,Agree,Strongly Agree,Strongly Agree,Strongly Agree,Strongly Agree,Strongly Agree,Agree,Agree,Strongly Agree,Strongly Agree,Disagree,Disagree,Strongly Agree,Agree,Strongly Agree,Agree,Agree,Strongly Agree,Strongly Agree,Strongly Agree,Strongly Agree,Strongly Agree,Agree,Agree,Agree,Agree,Agree,Strongly Agree,Agree,Strongly Agree,Strongly Agree,Agree,Strongly Agree,Agree,Agree,Agree,Strongly Agree,Strongly Agree,Agree,Disagree,Agree,Strongly Agree,Strongly Agree,Strongly Agree,Strongly Agree,Strongly Agree,Agree,Agree