Timestamp,"TEXT1: @user @user Muhhhhh privilege? Excuse me? IM OFFENDED!! HATE SPEECH!!! But of course you dont see the slippery slope.And yes, the made up arbitrary term hate speech is free speech. If you choose to get offended by shit, I suggest you get a backbone and grow the f*ck up you pussy.

TEXT2: @user @user Muhhhhh privileged? Alibis me? IM OFFENDED!! HATE SPEECH!!! But of course you dont see the slippery slope.And yes, the made up arbitrary term hate speeches is free speech. If you choose to get offended by crap, I suggest you get a backbone and grow the f*ck up you pussy.","TEXT1: @user Tells #Trump Not to give Immigrants DNA test to make sure their the kids parents just hand them over to Child Trafficers like Obama #MAGA #RedNationRising  #FridayMotivation via @user

TEXT2: @user Tells #Trump Not to give Immigrants DNA tests to make sure their the kids parents just hand them over to Infantile Trafficers like Obama #MAGA #RedNationRising  #FridayMotivation via @user","TEXT1: Many thanks to @user @user @user for attending today‚Äôs anti-fascist demo in Newtownards. #HopeNotHate Refugees welcome fascists not! #NoPaseran

TEXT2: Many thanks to @user @user @user for attending today‚Äôs anti-fascist demo in Newtownards. #HopeNotHate Refugees welcoming fascists not! #NoPaseran","TEXT1: Immigration Will Not Make America Great Again

TEXT2: Immigration Volition Not Make America Great Again","TEXT1: üôÑSays a colored woman of a race that claims to have a ' Hysterical Fear ' of the Police. ü§´

TEXT2: üôÑSaid a colored woman of a race that claims to have a ' Hysterical Fright ' of the Cop. ü§´","TEXT1: Fox News host: Lock Clinton up Get this CUNT Pirro off the air. She is a woman hating woman.

TEXT2: Fox News hosts: Locking Clinton up Got this CUNT Pirro off the air. She is a woman loathes woman.","TEXT1: @user @user @user @user Earth to Andrew, come in Andrew:   its about immigration.Denying Canadians their right to survive and defend their racial interests IS 'racial hatred'.  IN fact its White Genocide. Its a crime: Access to White peopl

TEXT2: @user @user @user @user Earthly to Andrew, coming in Andrew:   its about immigration.Denying Canadian their right to survive and defend their racial interests IS 'racial hatred'.  IN fact its White Genocide. Its a crime: Accessed to White peopl","TEXT1: @user @user Omg he gave her his number and she didn't say no what a cunt The girl is the cunt for giving it to some random fucktard

TEXT2: @user @user Omg he yielded her his number and she didn't say no what a cunt The daughters is the cunt for giving it to some random fucktard","TEXT1: Things we heard on primetime last night: ‚ÄúThe growth rate of Muslims in Assam from 1971 to 1991 is 77 per cent, that is not an indigenous population. A large part of that 77 per cent are Bangladeshis‚Ä¶.Bangladeshi go home."" #NRCAssam

TEXT2: Things we heard on primetime last night: ‚ÄúThe growth rate of Muslims in Assam from 1971 to 1991 is 77 per cent, that is not an indigenous population. A large part of that 77 per cent are Bangladeshis‚Ä¶.Bangladeshi go households."" #NRCAssam","TEXT1: @user Whore? Really? Why don't you have some respect for women you asshole!

TEXT2: @user Whore? Really? Why don't you have some respect for woman you asshole!","TEXT1: Absolutely shameful 27 month sentence!! Woman jailed for false rape allegation against police officer

TEXT2: Totally shameful 27 month sentences!! Woman prison for bogus raping allegation against policeman officers","TEXT1: @user You can't call anyone a whore when you're taking up the ass from your father cunt.

TEXT2: @users You can't call anybody a whore when you're taking up the ass from your father cunt.","TEXT1: Oh ffs NO MORE MIGRANTS GO HOME

TEXT2: Oh ffs NONE MORE MIGRANTS GO DWELLING","TEXT1: Totally out of control. These people @user @user @user @user need to be reigned in. Hotel rooms for opportunist migrants, millions being spent trying to stuff the genie back in the bottle, no end or strategy in sight.

TEXT2: Totally out of control. These people @user @user @user @users needs to be reigned in. Hotel rooms for opportunist migrant, millions being spent trying to stuff the genie back in the bottle, no end or strategy in vision.","TEXT1: ""I'm going to LARP as someone from a TV show because otherwise I might not get to engage in recreational infanticide"" said the well adjusted and not at all hysterical woman.

TEXT2: ""I'm going to LARP as somebody from a TV show because else I might not get to engage in recreational infanticide"" said the well adjusted and not at all hysterical woman.","TEXT1: They native Americans you no good hill billy immigrant

TEXT2: They natives Americans you no good hill billy immigrants","TEXT1: Nelly should beware of other woman now trying to accuse him for rape .. Ladies after this lady because if one does it others will try it too

TEXT2: Nellie should beware of other woman now attempting to accuse him for rape .. Mesdames after this dame because if one does it others will try it too","TEXT1: @user WHAT some of these BITch Part starlets promote to young is worse than rape it is rape of young minds. What goes around comes around!

TEXT2: @users WHAT some of these BITch Part starlets promotion to young is worse than rape it is rape of young minds. What goes roundabout comes around!","TEXT1: I'm picky AF when it comes to girls... Until a girl wants to bring her not so cute friend over for a threesome

TEXT2: I'm choosy AF when it comes to girl... Till a daughter wants to bring her not so adorable friend over for a threesome","TEXT1: From #MeToo to Who Me? Where Are White Women Allies When A Black Woman is Called a Whore?

TEXT2: From #MeToo to Who Me? Where Are White Women Allies When A Black Woman is Called a Harlot?","TEXT1: Eric Cartman: How 'bout we sing, 'Kyle's Mom is a stupid bitch' in D Minor.

TEXT2: Erik Cartman: How 'bout we sing, 'Kyle's Mommy is a stupid bitch' in D Minor.","TEXT1: #Refugees cost American taxpayers over $8 BILLION EVERY YEAR. They cost more than they contribute.  I only can afford 1 child. Why do I have to pay for refugees who hate America, call me infidel/Kafir AND raise, house &amp; educate their children who are taught to hate America too?

TEXT2: #Refugees costs American payers over $8 BILLIONS EVERYTHING YEAR. They cost more than they contribute.  I only can afford 1 children. Why do I have to wage for refugee who hates American, calling me disloyal/Kafir AND raising, dwellings &amp; educating their children who are taught to hate American too?","TEXT1: MN: SOMALI MUSLIM IMMIGRANTS Explain Why It's Acceptable To Kill Anyone Who Insults Mohammed [VIDEO] via @user we don't worship Mohammed &amp; Sharia! Don't like it? Go home or we will deport you!

TEXT2: MN: SOMALI MUSLIM IMMIGRANT Explain Why It's Acceptable To Kill Anyone Who Insults Mohammed [VIDEO] via @user we don't worship Mohammed &amp; Sharia! Don't like it? Go home or we will evict you!","TEXT1: Women for the first time are raising their voice and asking for peace' bitch Palestinian women have been protesting/marching for 69 years

TEXT2: Woman for the first time are raising their voice and asking for peace' bitch Palestine woman have been demonstrations/marching for 69 years","TEXT1: Illegal Alien Awaiting Deportation For Child Rape, Now Caught Producing Child Porn

TEXT2: Illegal Extraterrestrial Awaiting Deportation For Child Rape, Now Caught Producing Child Porn","TEXT1: @user Time for some honest discussions on the struggle faced by councils to house refugees and failed asylum seekers it is better to say sorry we have not got a big enough housing stock to cater for everyone while our own people languish on ever

TEXT2: @user Time for some honest conversation on the tussle confronted by councils to dwelling refugee and failed asylum applicant it is better to say sorry we have not got a big enough dwelling stock to cater for everyone while our own people languish on ever","TEXT1: Bitches can't keep a man for shit but got a steady ass work husband at all times

TEXT2: Sluts can't keep a man for crap but got a steady ass work husband at all times","TEXT1: Let‚Äôs me honest, Jews offer things and the white women are just skanks. Muslims gang rape and beat white women.

TEXT2: Letting‚Äôs me honest, Jew offer things and the white women are just skanks. Moslem gang rape and beat white women.","TEXT1: If I ask you how many men you slept with and you actually know, you're not the girl for me

TEXT2: If I ask you how many men you slept with and you actually know, you're not the daughters for me","TEXT1: @user this your whore you going to marry and lie to me about will never marry women who show body to public

TEXT2: @users this your harlot you going to marry and lying to me about will never marry women who show body to public","TEXT1: Anyone else notice that for the most part Trump is completely deaf dumb and blind to the existence of the indigenous people? Unlike him, even though some of them are of mixed blood, not one of them are immigrants. Saw t-shirt said can't be an illegal immigrant in a stolen land

TEXT2: Anyone else notice that for the most part Trump is completely deaf dumb and blind to the existence of the natives people? Unlike him, even though some of them are of blended blood, not one of them are immigrants. Saw t-shirt says can't be an illegal immigrant in a stolen land","TEXT1: Refugees not welcome.

TEXT2: Refugees not welcomes.","TEXT1: UGH! Fake Christians really out here trying to take away our rights!! IF YOU CARE SO MUCH ABOUT LIFE THEN FIX THE ALREADY BROKEN FOSTER CARE SYSTEM AND WELCOME REFUGEES WITH OPEN ARMS. FOLLOWER OF CHRIST?? WHILE NOT LOVING YOUR NEIGHBORS? YIKES.

TEXT2: UGH! Fake Christians really out here trying to take away our rights!! IF YOU CARE SO MUCH ABOUT LIFE THEN FIX THE ALREADY BROKEN FOSTER CARING SYSTEM AND WELCOME REFUGEES WITH OPEN ARMS. FOLLOWER OF CHRIST?? WHILE NOT LOVING YOUR NEIGHBORS? YIKES.","TEXT1: If Saudi Arabia doesn't back off @user will send in Canada's 2 Sea Kings and refuse to give all their illegal immigrants to Canada anymore hugs! #cdnpoli #canpoli #onpoli #abpoli #ableg #cpc #pcpo #ucp #lpc #SaudiArabia

TEXT2: If Saudi Arabia doesn't back off @user will send in Canada's 2 Sea Kings and refuse to give all their illegitimate immigrant to Canada anymore hugs! #cdnpoli #canpoli #onpoli #abpoli #ableg #cpc #pcpo #ucp #lpc #SaudiArabia","TEXT1: Send home migrants not in need of protection, Peter Dutton tells UN, HEY DUTTON HOW ABOUT THE ONES THAT HAVE STAYED AND NOT LEFT THE COUNTRY WHEN THEY SHOULD OVERSTAYERS ? WHY DONT YOU GO AND ROUND ALL THEM UP ?

TEXT2: Despatch abode migrant not in need of protection, Peter Dutton tells UN, HEY DUTTON HOW ABOUT THE ONES THAT HAVE STAYED AND NOT LEFT THE COUNTRIES WHEN THEY SHOULD OVERSTAYERS ? WHY DONT YOU GO AND ROUND ALL THEM UP ?","TEXT1: 2017√∞≈∏‚Äò‚Ä∞Should EU take migrants from #Italy when they already sent 100,000+to roam Europe.All for @user bt ‚Äúmigrant sharing‚Äù a nonsense &amp; plays into hands of Brussels, which seeks to commit EU to mass migration.#Visegrad @user

TEXT2: 2017√∞≈∏‚Äò‚Ä∞Should EU take migrants from #Italy when they already despatch 100,000+to roam Europe.All for @user bt ‚Äúmigrants interchange‚Äù a preposterous &amp; plays into hands of Brussels, which strive to committing EU to mass migration.#Visegrad @user","TEXT1: Too bad some of you bitches can't draw on a better personality, the way you draw on your fuckin eyebrows

TEXT2: Too bad some of you pussies can't draw on a better personality, the way you draw on your fuckin eyebrows","TEXT1: @user bitches love electric toothbrushes in their twats...

TEXT2: @user pussies love electric toothbrushes in their twats...","TEXT1: #Refugees not welcome!!!

TEXT2: #Refugee not welcomes!!!","TEXT1: A director can lose a job because of 10 year old jokes but @user can grab them by the pussy, be a pussy for Putin üá∑üá∫, be an ah to a queen üá¨üáß, be a tyrant for latin immigrant families but marry a white immigrant.

TEXT2: A director can lose a job because of 10 annum old jokes but @user can grab them by the pussy, be a pussy for Putin üá∑üá∫, be an oh to a queen üá¨üáß, be a tyrant for latin immigrants familial but wedlock a white immigrant.","TEXT1: off your left wing high horse @user Certainly not the average person's take on a ""refugee"". Remove the country shoppers, the opportunist migrants, those with criminal or terrorist ties, those with hidden wealth and who's left?

TEXT2: off your left wing high horse @user Certainly not the average person's take on a ""refugee"". Removing the country shoppers, the opportunist migrant, those with criminal or terrorist ties, those with hidden wealth and who's left?","TEXT1: There are good men out there women stop accepting ass holes that appear to be right.It is a excuse to turn lesbian cuz of a no good man.

TEXT2: There are good men out there women ceasing accepting ass keyholes that appear to be right.It is a excuse to turn lesbian cous of a no good man.","TEXT1: Guys cheat and are tried and hanged. Women cheat and its somehow their guys fault.

TEXT2: Fellas cheat and are tried and hanged. Women cheat and its somehow their guys fault.","TEXT1: Rep. agrees w-Sebastian Kurz regarding Turkey. Visa-free status or EU membership would be an absolute disaster.Erdogan a global tyrant who flooded Europe w-aggressive male migrants, helped destabilize Syria and supported Islamic extremists.#Visegrad

TEXT2: Rep. agrees w-Sebastian Kurz regarding Turkey. Visa-free status or EU membership would be an absolute calamity.Erdogan a worldwide tyrant who flooded Europe w-aggressive men migrant, helped destabilize Syria and supported Islamic extremists.#Visegrad","TEXT1: @user @user You nasty ugly whore!!! No one cares what you think and #THEBIGDUMP only sucks black dick now so stop trying to suck #donthecon dick. üñïüñïüñïüñïüí©üí©

TEXT2: @users @user You filthy ugly harlot!!! None one cares what you think and #THEBIGDUMP only sucks nigger dick now so halting trying to suck #donthecon dick. üñïüñïüñïüñïüí©üí©","TEXT1: Can you bitches stop pulling ya pants up above your belly button, you look like my fuckin grandfather

TEXT2: Can you pussies stop pulling ya pants up above your belly button, you look like my fuckin grandfather","TEXT1: @user Remigration 2018:  Easy come, easy GO!!   Anti-White Proposition:  White Genocide Definedhttps://t.co/kqEv7xdS26

TEXT2: @user Remigration 2018:  Easy coming, easy GO!!   Anti-White Proposition:  White Genocide Definedhttps://t.co/kqEv7xdS26","TEXT1: Illegal Alien Accused of Trying to Rob, Stab Woman in Home Invasion | Breitbart  #StopTheInvasion

TEXT2: Illegal Aliens Indicted of Trying to Rob, Stab Woman in Homes Invasion | Breitbart  #StopTheInvasion","TEXT1: @user You're the most dumb nigga in the history of dumb niggas, arguing with women like a lil bitch

TEXT2: @users You're the most dumb nigga in the history of dumb niggas, arguing with woman like a lil bitch","TEXT1: @user Dan, WAY too tough to choose between all the lying, deceitful corrupt losers representing Dems (& some GOP). The list is long & disgusting. Embarrassing that we pay these lying losers large salaries to corrupt our democracy.#MAGA #KAG #POTUS #Tr

TEXT2: @user Dan, MANNER too tough to choose between all the lying, deceitful corrupt losers representing Dems (& some GOP). The list is lengthy & disgusting. Embarrassing that we pay these lying losers large salaries to corrupt our democracy.#MAGA #KAG #POTUS #Tr","TEXT1: @user They need to be deported shouldn't even go to court immigration should step in

TEXT2: @user They need to be banishment shouldn't even go to court immigration should step in","TEXT1: German Interior Minister Slams Merkel and bans the entry of new migrants into Germany - Free Speech Time - @user

TEXT2: German Interior Minister Slams Merkel and bans the entry of newer migrants into Germany - Free Speech Time - @user","TEXT1: Easy solution no benefits after child 2 and wife 1 and no votes for 1st and 2nd generation immigrants simple solution.   No combined benefits and no guarantees of jobs or homes unless they apply before arrival NO MORE SOFT TOUCHES ps Gulf States and Saudi intake of 'refugees' = 0

TEXT2: Easy solution no benefits after child 2 and wife 1 and no votes for 1st and 2nd generation immigrant simple solution.   No combined benefits and no guarantees of jobs or homes unless they apply before arrival NO MORE SOFT TOUCHES ps Gulf States and Saudi intake of 'refugees' = 0","TEXT1: Imagine when all the EU migrants go home after #Brexit. No more baguettes or pizza. People in the UK will be reduced to just eating traditional UK foods. Like chicken Balti.

TEXT2: Imagine when all the EU migrants go homes after #Brexit. No more baguettes or pizza. People in the UK will be reduced to just eating traditional UK foods. Like chicken Balti.","TEXT1: Rape is DISGUSTING. No woman or man deserves to go through something as traumatic as that. Nothing can ever justify rape. Rape is a choice.

TEXT2: Rape is REPUGNANT. No woman or man merited to go through something as traumatizing as that. Nothing can ever justify rape. Rape is a choice.","TEXT1: #ICE #IllegalAliens #Border #Immigration #BringBackOurBorders#Oakland Mayor #LibbySchaaf warned everyone in...

TEXT2: #ICE #IllegalAliens #Frontiers #Immigration #BringBackOurBorders#Oakland Mayor #LibbySchaaf warned everybody in...","TEXT1: @user @user Skank ,hoe , all these words you use to describe female artists.gosh,get a grip. Do u‚Ä¶

TEXT2: @user @users Skank ,hoe , all these words you use to describe female entertainers.gosh,get a grip. Do u‚Ä¶","TEXT1: I used to ride with my father before he retired as a Phoenix police officer.  He worked in west Phoenix over night.  Drunk illegal immigrant drivers were everywhere.  One almost T-boned us at an intersection.  They pose great danger the the rest of us who do follow laws.  üò°

TEXT2: I used to ride with my father before he retired as a Phoenix police officer.  He worked in west Phoenix over night.  Drunk illicit immigrant drivers were everywhere.  One almost T-boned us at an intersection.  They pose great danger the the rest of us who do follow laws.  üò°","TEXT1: Why is thos racist,homophobic whore @user getting so much success all of the sudden ? Like go away ugly cunt.

TEXT2: Why is thos racist,homophobic harlot @user getting so much success all of the sudden ? Like go away ugly cunt.","TEXT1: @user Actually that is any benefits which would make a Immigrant a ""Public Charge"" law on the books for over 100 years not entitled to hold a green card or become a citizen but #Dems wont enforce it !  That is why 73% of  Mexican and Central Amer

TEXT2: @user Actually that is any benefits which would make a Immigrant a ""Populace Charge"" law on the books for over 100 years not entitled to hold a green card or become a citizen but #Dems wont enforce it !  That is why 73% of  Mexican and Central Amer","TEXT1: I've never been more ashamed to be a former democrat than I am now. Fuck u Hillary you stupid ass bitch whore cunt bitch

TEXT2: I've never been more ashamed to be a former democrat than I am now. Fucked u Hilary you asinine ass bitch whore cunt bitch","TEXT1: Watch: Hundreds Irish people took to the streets to protest against Islam and call to ban Islamic immigration - Free Speech Time - @user

TEXT2: Watch: Hundreds Irish people took to the streets to protest against Islam and call to ban Islamic immigration - Extricate Speech Time - @user","TEXT1: RT @user You're wearing yoga pants to show off your ass. Don't give me this bull shit 'they're comfy!' we all know the truth ladies #ASS #ASS #ASS

TEXT2: RT @user You're wearing yoga pants to show off your ass. Don't give me this bull shit 'they're comfy!' we all know the truth madams #ASS #ASS #ASS","TEXT1: bitch stfu yall call angela an ice queen but then say oh sure angelas the mean one you can say this shit and still recognize angela being a whole bitch

TEXT2: bitch stfu yall calling angela an ice queen but then said oh sure angelas the mean one you can say this shit and still recognition angela being a whole bitch","TEXT1: Never try to Holla at women who dissed you in his school I got called misogynistic egotistical whore monger damn bitch OK have a nice day üòÇ

TEXT2: Never try to Holla at woman who dissed you in his school I got called misogynistic egotistical hooker monger damn bitch ALRIGHT have a nice day üòÇ","TEXT1: @user @user Women were never sacred. He's talking about the ancient trope of Virgin vs. Whore. #clueless

TEXT2: @user @user Woman were never hallowed. He's talking about the ancient trope of Virgins vs. Whore. #godforsaken","TEXT1: @user His mama is a whore! Smh the BLATANT DISRESPECT for women of color who hold political seats is appalling

TEXT2: @user His mama is a hooker! Smh the BLATANT DISRESPECT for women of color who hold political seats is appalling","TEXT1: @user Elizabeth Warren's radical agenda to abolish ICE and create open borders must be stopped. Geoff Diehl is the only candidate with a proven record of fighting illegal immigration. VOTE FOR @user FOR SENATE in MA

TEXT2: @users Elisabeth Warren's radical agenda to abolish ICE and create open boundaries must be stopped. Geoff Diehl is the only candidate with a proven record of fighting illicit immigration. VOTING FOR @user FOR SENATE in MA","TEXT1: @user After AAP coming to power influx of illegal migrants from Bangladesh to Delhi increased multi fold.Jhugis seen all around

TEXT2: @user After AAP coming to power influx of illegal migrants from Bangladesh to Delhi increasing multi collapsible.Jhugis seen all around","TEXT1: @user Delhi have understood ur gameplan. U only focussing on ur Votebank. No action against encroachments,filth in over crowded Muslim areas. Lot of muslim migration to Delhi

TEXT2: @user Delhi have understood ur gameplan. U only focussing on ur Votebank. None action against encroachments,filth in over crowded Muslim areas. Batches of moslem migration to Delhi","TEXT1: You look like your mom beat you with an ugly stick while your dad poured cat piss all over you.

TEXT2: You look like your mamas overpowers you with an ugly stick while your daddy poured cat piss all over you.","TEXT1: @user Thank god for anti -hysterical women like @user & @user , that have the guts to stand up for reason over witch -hunts

TEXT2: @user Thank god for anti -hysterical women like @user & @user , that have the bowels to stand up for reason over witch -hunting","TEXT1: #StopChildAbuse The next social movement will be about stopping women who abuse children. It is a real problem.

TEXT2: #StopChildAbuse The next social movement will be about stop women who misuse children. It is a real trouble.","TEXT1: LMFAO lil biddy whores prison rape bitch im whose bitch

TEXT2: LMFAO lil biddy harlots prison rape bitch im whose bitch","TEXT1: @user This bloke is the sort of cunt who's old woman is fucking someone else but says well what can you do?!

TEXT2: @user This fella is the sort of cunt who's old woman is fucking someone else but says well what can you do?!","TEXT1: Just cause you pussy boys get a strap don mean you a shoota (

TEXT2: Just cause you pussy guys get a strap don mean you a shoota (","TEXT1: MegynKelly is skank. Whore paid $$ for what? Only thing left to watch on .@nbc anymore is SNL. More truth to them t‚Ä¶

TEXT2: MegynKelly is skank. Hooker paid $$ for what? Only thing left to watch on .@nbc anymore is SNL. More truth to them t‚Ä¶","TEXT1: @user Biggest menace affecting growth of India is its population.Must take steps to curb population&amp;illegal immigrants

TEXT2: @users Hugest menace affecting growth of India is its population.Owe take steps to curtail population&amp;illegally immigrant","TEXT1: @user @user Yup I want #TonyPaul to song at The ""BIG BAD DON #TRUMP"" #RALLY IN #TEXAS..WITH #TEDCRUZ WHO IS THE SHARPEST MEANEST FAIREST LEGAL MIND AND #SENATOR IN THE #GOP #OCTOBER MAKE YUR RESERVATIONS, #RV SPOTS PLANE TICKETS 118,000 SEAT

TEXT2: @user @user Yep I want #TonyPaul to song at The ""GRANDS INCLEMENT DON #TRUMP"" #RALLYING IN #TEXAS..WITH #TEDCRUZ WHO IS THE SHARPEST MEANEST FAIREST JUDICIAL INTELLECT AND #SENATOR IN THE #GOP #OCTOBER MAKE YUR BOOKING, #RV SPOTS PLANE TICKETS 118,000 SEATING","TEXT1: @user I get suspended at least every other day. But you still see that skank whore Chelsea Handler still tweeting away.

TEXT2: @user I get suspended at least every other day. But you still behold that skank harlot Chelsea Handler still tweeting away.","TEXT1: How basic bitches wash away their weekend sins and mistakes

TEXT2: How basic pussies wash away their weekend sins and mistakes","TEXT1: @user Babe, I wanna thank you for having such insane anal scenes. Your scene from Slut Auditions #3 is my all-time fav !

TEXT2: @user Babe, I wanna thank you for having such insane anus scenes. Your scene from Slut Auditions #3 is my all-time fav !","TEXT1: Bloody immigrants like uk say you must obide the law of the country should be put in prison until the immigrant pays the fine

TEXT2: Bloodstained immigrant like uk say you must obide the law of the country should be put in prison until the immigrant pays the fine","TEXT1: Yes, women who protest are 'irrational' 'hysterical' 'bitters spinsters' - long history of using that shit to dismi‚Ä¶

TEXT2: Yes, women who protesting are 'irrational' 'hysterical' 'bitters spinsters' - long history of using that shit to dismi‚Ä¶","TEXT1: @user please think carefully it is not about benifits it is about to many migrants ur already punishing our poor god will interven

TEXT2: @user please think carefully it is not about benifits it is about to many migrants ur already punish our poor god will interven","TEXT1: Watch: Merkel's Germany is starting to look like Syria - immigrants set cars on fire ""just for fun"" - Free Speech Time - @user

TEXT2: Watch: Merkel's Germany is starting to look like Syria - immigrant set cars on fire ""just for fun"" - Free Speech Time - @user","TEXT1: Black Bitch Gets Cock Shoved In Her Waiting Cunt

TEXT2: Black Bitch Gets Rooster Shoved In Her Waiting Cunt","TEXT1: Cory Booker and Kamala Harris competing for Most Hysterical Woman at the Kavanaugh hearings, Coulter hilariously tweeted.And yes, liberals immediately got triggered on Twitter, saying her joke was offensive. To them we say, suck it up, snowflakes.

TEXT2: Corey Booker and Kamala Harris competing for Most Hysterical Women at the Kavanaugh hearings, Coulter hilariously tweeted.And yup, liberals immediately got triggered on Twitter, saying her jest was offensive. To them we say, suck it up, snowflakes.","TEXT1: Immigrants become a bargaining chip....

TEXT2: Immigrants become a negotiates chip....","TEXT1: listen here dumb fucker you dont call rania ‚Äúwhore‚Äù and youre the only crazy bitch hereüòò deactivate pls bc nobody c‚Ä¶

TEXT2: listen here daft asshole you dont call rania ‚Äúharlot‚Äù and youre the only crazy bitch hereüòò deactivation pls bc nobody c‚Ä¶","TEXT1: #NRC Assam Govt must initiate immediate action 2 cancel Voting id cards &amp; Aadhaar cards of the identified illegal migrants Let ""commited"" political dogs bark any length &amp; as loud as they can Nation must remain firm on its security concerns

TEXT2: #NRC Assam Govt must initiate immediate action 2 cancel Voting id cards &amp; Aadhaar cards of the identified illegal migrants Let ""perpetrated"" political dogs bark any length &amp; as loud as they can Nation must remain firm on its security concerns","TEXT1: It will be such a shame to see @user qualifying for any tournament (including WC) with the help of immigrants. I can't even imagine 11 Africans/Whites representing India and me cheering them on. Both @user brother plays for Guinea national team. Plain crazy!

TEXT2: It will be such a shame to see @user qualifying for any tournament (including WC) with the help of immigrant. I can't even imagine 11 Africans/Whites representing India and me cheering them on. Both @user brother plays for Guinea national team. Plain crazy!","TEXT1: @user BITCH TEXT ME

TEXT2: @users BITCH TEXTS ME","TEXT1: Stephen Miller (right) and Larry McKenney of Capitol Radiology listen as Trump speaks during a meeting at the White House last year. are not in 1950, we have to start limiting legal immigration. And completely stop illegal immigration.

TEXT2: Stephen Miller (right) and Larry McKenney of Capitol Radiology listen as Trump speaks during a meeting at the White House last year. are not in 1950, we have to launching limiting legal immigration. And completely halts illegal immigration.","TEXT1: @user @user Actually I do think women should be reclaiming 'cunt'. It's past time.

TEXT2: @user @user Actually I do think women should be regaining 'cunt'. It's past time.","TEXT1: Identity cards 'would curb illegal immigration and prevent another Windrush'

TEXT2: Identity cards 'would restrain illegal immigration and forestall another Windrush'","TEXT1: Med not a house/EU not adult day care camp for migrants seeking handouts or to profit from crime.Tunisia abusing #Italy EU, which has leverage bt lacks courage to use it. #Salvini must send message√∞≈∏‚Äò‚Ä∞either stop boats &amp; take back citizens or we bury you economically, esp. leaders

TEXT2: Med not a dwellings/EU not grownups day care camp for migrants seek handouts or to profit from crime.Tunisia manhandling #Italy EU, which has harnessing bt lack bravery to utilizes it. #Salvini owe send message√∞≈∏‚Äò‚Ä∞either stop boats &amp; take back citizens or we bury you economically, esp. leaders"
14/09/2022 07:45:40,Disagree,Agree,Strongly Agree,Strongly Disagree,Agree,Disagree,Disagree,Disagree,Disagree,Strongly Agree,Agree,Strongly Agree,Disagree,Agree,Agree,Agree,Agree,Agree,Disagree,Agree,Strongly Agree,Disagree,Agree,Agree,Disagree,Agree,Strongly Agree,Agree,Disagree,Agree,Disagree,Agree,Agree,Agree,Disagree,Disagree,Agree,Strongly Agree,Strongly Agree,Agree,Agree,Disagree,Strongly Agree,Strongly Agree,Agree,Agree,Strongly Agree,Agree,Strongly Agree,Disagree,Agree,Agree,Strongly Agree,Strongly Agree,Strongly Agree,Strongly Agree,Agree,Agree,Agree,Agree,Agree,Agree,Agree,Agree,Strongly Agree,Strongly Agree,Strongly Agree,Strongly Agree,Agree,Agree,Agree,Agree,Strongly Agree,Strongly Agree,Strongly Agree,Strongly Agree,Agree,Disagree,Disagree,Agree,Agree,Strongly Agree,Strongly Agree,Strongly Agree,Agree,Agree,Disagree,Strongly Agree,Strongly Agree,Agree,Agree,Agree,Strongly Agree,Agree,Agree,Strongly Agree,Disagree
15/09/2022 15:40:14,Strongly Agree,Strongly Agree,Strongly Agree,Disagree,Strongly Agree,Strongly Agree,Strongly Agree,Agree,Agree,Strongly Agree,Agree,Strongly Agree,Disagree,Strongly Agree,Strongly Agree,Strongly Agree,Strongly Agree,Agree,Strongly Agree,Agree,Strongly Agree,Disagree,Strongly Agree,Strongly Agree,Disagree,Disagree,Strongly Agree,Agree,Disagree,Agree,Strongly Agree,Agree,Strongly Agree,Agree,Disagree,Strongly Agree,Strongly Agree,Strongly Agree,Strongly Agree,Agree,Agree,Disagree,Strongly Agree,Agree,Strongly Agree,Strongly Agree,Agree,Strongly Agree,Strongly Agree,Disagree,Agree,Strongly Agree,Strongly Agree,Strongly Agree,Strongly Agree,Strongly Agree,Strongly Agree,Strongly Agree,Agree,Agree,Agree,Agree,Strongly Agree,Disagree,Strongly Agree,Strongly Agree,Strongly Agree,Strongly Agree,Disagree,Strongly Agree,Agree,Strongly Agree,Agree,Strongly Agree,Strongly Agree,Strongly Agree,Strongly Agree,Disagree,Agree,Agree,Strongly Agree,Strongly Agree,Agree,Strongly Agree,Agree,Agree,Agree,Strongly Agree,Disagree,Strongly Agree,Agree,Strongly Agree,Agree,Agree,Strongly Agree,Agree,Agree
17/09/2022 11:40:38,Agree,Agree,Disagree,Disagree,Agree,Agree,Agree,Disagree,Agree,Agree,Agree,Agree,Disagree,Agree,Agree,Agree,Agree,Agree,Disagree,Agree,Agree,Agree,Agree,Agree,Disagree,Agree,Agree,Agree,Disagree,Agree,Agree,Agree,Agree,Agree,Agree,Agree,Agree,Agree,Agree,Disagree,Agree,Disagree,Agree,Agree,Agree,Agree,Agree,Agree,Agree,Agree,Agree,Agree,Agree,Agree,Agree,Agree,Agree,Agree,Agree,Disagree,Agree,Agree,Agree,Agree,Agree,Agree,Agree,Agree,Disagree,Agree,Agree,Agree,Agree,Agree,Agree,Agree,Agree,Agree,Disagree,Agree,Agree,Agree,Disagree,Agree,Agree,Agree,Disagree,Agree,Disagree,Agree,Agree,Agree,Agree,Agree,Agree,Agree,Disagree
17/09/2022 23:39:12,Agree,Disagree,Strongly Agree,Strongly Agree,Strongly Agree,Strongly Agree,Strongly Agree,Disagree,Strongly Agree,Strongly Agree,Strongly Agree,Strongly Agree,Strongly Agree,Strongly Agree,Strongly Agree,Strongly Agree,Agree,Agree,Strongly Agree,Strongly Agree,Strongly Agree,Disagree,Agree,Strongly Agree,Agree,Agree,Strongly Agree,Agree,Disagree,Strongly Agree,Strongly Agree,Agree,Strongly Agree,Strongly Agree,Strongly Agree,Agree,Strongly Agree,Strongly Agree,Strongly Agree,Agree,Strongly Agree,Disagree,Strongly Agree,Strongly Agree,Strongly Agree,Strongly Agree,Strongly Agree,Strongly Agree,Strongly Agree,Strongly Agree,Strongly Agree,Strongly Agree,Strongly Agree,Strongly Agree,Strongly Agree,Strongly Agree,Agree,Strongly Agree,Strongly Agree,Strongly Agree,Strongly Agree,Disagree,Strongly Agree,Strongly Agree,Strongly Agree,Disagree,Strongly Agree,Strongly Agree,Strongly Agree,Strongly Disagree,Agree,Strongly Agree,Strongly Agree,Strongly Agree,Strongly Agree,Strongly Agree,Strongly Agree,Agree,Agree,Strongly Agree,Strongly Agree,Strongly Agree,Agree,Strongly Agree,Agree,Strongly Agree,Strongly Agree,Strongly Agree,Strongly Agree,Strongly Agree,Strongly Agree,Strongly Agree,Strongly Agree,Strongly Agree,Strongly Agree,Strongly Agree,Disagree
18/09/2022 22:41:33,Disagree,Strongly Agree,Agree,Strongly Disagree,Agree,Disagree,Agree,Disagree,Disagree,Strongly Agree,Strongly Agree,Strongly Agree,Strongly Disagree,Agree,Strongly Agree,Strongly Agree,Agree,Disagree,Disagree,Agree,Strongly Agree,Disagree,Agree,Agree,Disagree,Disagree,Strongly Agree,Disagree,Disagree,Disagree,Agree,Agree,Agree,Agree,Agree,Agree,Strongly Agree,Strongly Agree,Agree,Agree,Strongly Agree,Disagree,Strongly Agree,Strongly Agree,Agree,Strongly Agree,Strongly Agree,Strongly Agree,Strongly Agree,Strongly Agree,Strongly Agree,Agree,Agree,Agree,Strongly Agree,Agree,Agree,Agree,Strongly Agree,Disagree,Agree,Strongly Agree,Agree,Disagree,Strongly Agree,Agree,Strongly Agree,Disagree,Disagree,Agree,Strongly Agree,Agree,Agree,Agree,Strongly Agree,Strongly Agree,Strongly Agree,Agree,Disagree,Agree,Strongly Agree,Disagree,Disagree,Agree,Agree,Agree,Strongly Agree,Strongly Agree,Agree,Agree,Strongly Agree,Strongly Agree,Agree,Agree,Agree,Strongly Agree,Disagree