Timestamp,"TEXT1: @user As it gets closer to November the left is in full on panic mode their talking points will forever be 25th Amendment. Ok idiots let‚Äôs see you try it.

TEXT2: @user As it gets closer to November the left is in full on panic mode their talking points will forever be 25th Amendment. Ok buffoons let‚Äôs see you try it.","TEXT1: @user @user @user @user @user @user Pedophilia is the worst of all evil

TEXT2: @user @user @user @user @user @user Pedophile is the worst of all evil","TEXT1: @user Don‚Äôt worry your time will come play hard and listen the coach Frost he is a winner a championship coachüèà

TEXT2: @user Knack‚Äôt shitless your stardate longing come play hard and amuse the coach Frost he is a sieg a championship instructorsüèà","TEXT1: @user @user @user @user @user Because he is talking to an idiot. Liberals have a mental disorder. In his book The Liberal Mind: The Psychological Causes of Political Madness."""" Dr. Rossiter exposes that the ideology motivating Liberals is actually a mental disorder.  Read more:

TEXT2: @user @user @user @user @user Because he is dialogues to an daft. Liberals obtains a intelligentsia disorder. In his book The Liberal Mind: The Psychological Causes of Political Madness."""" Dr. Rossiter exposes that the ideology motivating Liberals is actually a mental turbulence.  Read more:","TEXT1: @user Did you see what she said about Travis on Ellen?? That‚Äôs one hating ass bitch üò≠

TEXT2: @user Did you see what she said about Travis on Ellen?? That‚Äôs one hating behinds blackguard üò≠","TEXT1: @user Didn't this trashy thing sleep her way to the top with married men?

TEXT2: @user Didn't this tawdry thing sleep her way to the top with married men?","TEXT1: @user It's a guy. Guy looks like a Sheila. #QANON #MAGA #GREATAWAKENING -Crocodile Dundee

TEXT2: @user It's a dude. Guy looks like a Sheila. #QANON #MAGA #GREATAWAKENING -Crocodile Dandy","TEXT1: @user He don't seems happy just look at his eyes its like he is staring into ur souls

TEXT2: @user He don't seems pleased just look at his eyeballs its like he is staring into ur souls","TEXT1: @user @user @user @user And democrats ARE out here trying to have policies of gun control. Try watching other news outlets other than Fox.

TEXT2: @user @user @user @user And democrats SONT out here trying to be politics of gun control. Try watching other news outlets other than Fox.","TEXT1: @user @user The name alt right is to make people think its a right wing group.just like ANTIFA that are fascist. BLM that really to they all black lives dont matter.

TEXT2: @user @user The name alt right is to make people think its a right wing group.just like ANTIFA that are fascism. BLM that really to they all black lives dont matter.","TEXT1: 16 year old stabbed in Dagenham this evening and the liberals are worried about data protection.  #c4news

TEXT2: 16 year old stabbed in Dagenham this evening and the liberals are shitless about data bumpers.  #c4news","TEXT1: @user Can we please now be honest with ourselves and acknowledge this trans stuff is a mental disorder? And NOT normal human behavior?

TEXT2: @user Can we please now be sincerest with ourselves and admit this trans stuff is a mental disorder? And NOT normal human behavior?","TEXT1: @user Do I care üö´pe.  Hope they fold like a cheap table.  Wonder what the spoiled primadonnas do when their huge salaries can't be made.  Bet it won't be bailed out like GM &amp; Too Big To Fail Banks were

TEXT2: @user Do I care üö´pe.  Hope they fold like a cheap table.  Wonder what the marred primadonnas do when their huge salaries can't be made.  Bet it won't be bailed out like GM &amp; Too Big To Fail Banks were","TEXT1: @user hello i ate soup and now i'm very tired but i love you

TEXT2: @user hellos i ate soup and now i'm unimaginably mangy but i lover you","TEXT1: @user The vile creature is trying to portray herself as some fierce bitch at the same time she knows that's not what the gun control conversation is about. Paper tiger

TEXT2: @wearer The nefarious humanoid is sought to contours herself as some fierce pisshead at the same time she knowthat that's not what the riflemen control conversation is about. Paper tiger","TEXT1: @user He is quite good at faking. Must have done it numerous times

TEXT2: @user He is quite good at falsifying. Must have done it numerous times","TEXT1: @user  love everything you are doing including you yourself. Your voice vibe body sound flow is all awesome and yummy. Will be waiting for the next song u make. Good luck on your journey.

TEXT2: @user  love everything you are fact comprised you yourself. Your voice atmospheric cadavers noises siphon is all awesome and yummy. Lust sunt sufferance for the next ditty u make. Good lak on your nomad.","TEXT1: @user Eric Holder should've been in his 2nd yr at Gitmo. What's the update on Gitmo's expansion?  Why is he still breathing in our freedom air?

TEXT2: @user Eric Holder should've been in his 2nd yr at Gitmo. What's the discounting on Gitmo's sprawl?  Why is he still breathing in our libre air?","TEXT1: @user @user @user @user We are not a democratic republic. We have never been a Democratic anything. We have never had Democratic ideology. Nor is this a ‚Äúnew‚Äù talking point. We are constantly correcting Democrats/liberals on this.

TEXT2: @user @user @user @user Our are not a congo democrat. Our has never been a Republican anything. We ha never possessed Democratic brainchild. Nor is this a ‚Äúnovo‚Äù talking kok. Our are constantly remedied Democrats/liberals on this.","TEXT1: @user We get shit transported from Africa niggas told me they seen venomous snakes Iguanas a beetle the size of a car tire lmaoooo ü§¶üèæ‚Äç‚ôÇÔ∏èü§¶üèæ‚Äç‚ôÇÔ∏èü§¶üèæ‚Äç‚ôÇÔ∏èü§¶üèæ‚Äç‚ôÇÔ∏è all kinds of shit

TEXT2: @shoppers We get shite transported from Africa negros counseled me they seen prejudicial snakes Iguanas a beetle the confection of a car tire lmaoooo ü§¶üèæ‚Äç‚ôÇÔ∏èü§¶üèæ‚Äç‚ôÇÔ∏èü§¶üèæ‚Äç‚ôÇÔ∏èü§¶üèæ‚Äç‚ôÇÔ∏è all homeroom of scheisse","TEXT1: @user antifa getting shot only brings joy

TEXT2: @eaters antifa getting killin only makes amusement","TEXT1: @user Heard from who? You and your lying jealous cronies???

TEXT2: @user Heard from who? You and your falsehood jealous pals???","TEXT1: @user @user Twitter is very sneaky about censoring Conservatives n  various ways. There definitely  needs to be an investigation.

TEXT2: @user @user Youtube is unimaginably sneaky about censoring Conservatives n  assortment camino. There really  needs to become an snooping.","TEXT1: @user was literally just talking about this lol all mass shootings like that have been set ups. it‚Äôs propaganda used to divide us on major issues like gun control and terrorism

TEXT2: @user was literally just talking about this lol all mass gunfire like that have been set ups. it‚Äôs propaganda used to divide us on major issues like gun control and terrorism","TEXT1: @user @user @user @user @user @user @user @user @user @user @user @user @user @user @user @user @user @user @user @user @user @user @user @user @user @user @user @user @user @user @user @user @user @user @user @user @user @user @user @user @user @user @user @user @user @user @user that's like me &amp; flying i have never been in any airplane unless Donnie takes me his plane &amp; holds my hand the whole time or i sit right next to him knowing me i would have sit on his lap &amp; hold on to him i'm afraid to fly

TEXT2: @user @user @user @user @user @user @user @user @user @user @user @user @user @user @user @user @user @user @user @user @user @user @user @user @user @user @user @user @user @user @user @user @user @user @user @user @user @user @user @user @user @user @user @user @user @user @user that's iike me &amps; flies i could never been in any boeing unless Willis takes me his stealing &amps; chocks my mano the whole periods or i assis duly next to him knows me i would enjoys assis on his lap &amp; chocks on to him i'm shitless to flies","TEXT1: @user was on üî• a brutal match after long time Jeff lost was unexpected. Hope he is fine after the fall‚ù§Ô∏èüò± #wwe #HIAC

TEXT2: @consumer was on üî• a brutal copulation after longtime minute Geoffrey loser was accidental. Sufferance he is sublime after the tumbles‚ù§Ô∏èüò± #wwe #HIAC","TEXT1: @user #metoo is the BEST WEAPON the Liberals have because there is NO DUE PROCESS .. its all DISGUSTING ... and WOMAN are the ones USING it as the weapon .. shameful and TYPICAL Liberalism .. USE emotions FOR their own BENEFIT ... @user  POSTER CHILD for USING Woman

TEXT2: @user #metoo is the BEST WEAPON the Liberals have because there is NO DUE PROCESS .. its all TERRIBLE ... and WOMAN are the ones USING it as the weapon .. unfortunate and TYPICAL Liberalism .. USE emotions FOR their own BENEFIT ... @user  POSTER CHILD for USING Woman","TEXT1: @user She is a fake a fraud and a democrat activist plant. She is a tool to try to derail the process and then to later drum up votes for democrats claiming conservatives don't care about victims. If Democrats cared if they wouldn't cheapen real victims with fakes.

TEXT2: @subscriptions She is a fake a hoax and a democrat activist centre. She is a device to try to impedes the process and then to later drum up votes for democracy claiming conservatives don't attention about victims. If Democrats cared if they wouldn't cheapen real victims with knockoffs.","TEXT1: @user @user A stark reminder that @user and you are trying to con us with chequers and a bit of our waters back - not good enough - @user @user  @user @user @user @user @user @user appeasing is not a good look @user

TEXT2: @user @user A stark reminder that @user and you are trying to con us with chequers and a dick of our waters back - not good enough - @user @user  @user @user @user @user @user @user appeasing is not a good look @user","TEXT1: @user So it moves forward. Damn the facts as long as you keep up the narrative! The Dangerous line is the sliding scale line that you bunch of liberal idiots use to vilify Conservatives or justify the actions of liberals

TEXT2: @user So it moves forward. Damned the facts as long as you keep up the narrative! The Dangerous line is the sliding scale line that you bunch of liberal cons use to vilify Conservatives or justify the actions of liberals","TEXT1: @user Dear Paul McFartney-  You had us at Beatles.  You lost us at President Mad Captain.  Burn in hell-  Jon.""""

TEXT2: @user Dear Paul McFartney-  You had us at Beatles.  You lost us at President Mad Captain.  Incineration in hell-  Jon.""""","TEXT1: @user @user @user Silly rabbit üêá laws and rules aren‚Äôt for liberals.

TEXT2: @user @user @user Absurdity rabbit üêá laws and rules aren‚Äôt for liberals.","TEXT1: @user Bono is clearly a racist

TEXT2: @subscriber Bono is certainly a racism","TEXT1: @user Billions of Dollars is being spent on new plants all around the country!""""  Can someone on the MAGA side please point me to what new plants are currently under construction?  Because this is false as I understand it.

TEXT2: @user Trillions of Balls is being devoting on newest seedlings all around the motherland!""""  Can nobody on the MAGA flanks please subject me to what newest plant are ever under edifice?  Because this is fakes as me fathom it.","TEXT1: @user Ahhh Lurch  go back to wind surfing.

TEXT2: @user Yuck Lurch  go back to wind surfing.","TEXT1: @user @user @user @user Who is fawning? And who are you to decide who is and who isn't reasonable? It is fully possible to be reasonable and still be wrong. I'm guessing you have never watched Daves show and are going by what you have heard from people you are fawning over.

TEXT2: @user @user @user @user Who is fawning? And who are you to decide who is and who isn't reasonable? It is fully possible to be reasonable and still be wrong. I'm guessing you have never watched Daves show and are going by what you have heard from people you are besotted over.","TEXT1: The ‚ÄúLaw and Order‚Äù president really hates law enforcement! Lol #MAGA

TEXT2: The ‚ÄúLaw and Order‚Äù president really hated law enforcement! Lol #MAGA","TEXT1: @user @user Everybody Talks About the Weather . . . We Don't: We confront them when we make sure that what doesn't suit us never happens again. Don‚Äôt blather that it is too violence. The action #AntiFa is not crocheting doilies!

TEXT2: @user @user Everybody Talks About the Climate . . . We Don't: We tussle them when we confer sure that what doesn't frock ourselves never derives again. Knack‚Äôt bullcrap that it is too violence. Both acts #AntiFa is not darning hankies!","TEXT1: @user .@USER your the perfect example of why Americans despise lying liberals. Disgusting

TEXT2: @user .@USER your the perfect example of why Americans despise iie liberals. Unsavory","TEXT1: @user She has become a parody unto herself? She has certainly taken some heat for being such an....well idiot. Could be optic too  Who know with Liberals  They're all optics.  No substance

TEXT2: @subscriptions Herself has become a parody unto herself? Her has certainly taken some heats for being such an....well witless. Could be optic too  Who know with Liberals  They're all optics.  No elements","TEXT1: @user Re-read my tweet Brian, gun control"""" not ban (your blatant exaggeration not withstanding). üôÑ""""

TEXT2: @user Re-read my twitter Darren, gun control"""" not aban (your insolent mongering not endure). üôÑ""""","TEXT1: The Trump Alert System in action. #Trump2020 #TRUMP2020 #MAGA

TEXT2: Both Vagrant Vigilante System in acts. #Trump2020 #TRUMP2020 #MAGA","TEXT1: @user Hillary is a good reason to keep the electoral college.

TEXT2: @user Hillary is a buena excuses to persists the electoral college.","TEXT1: @user @user @user @user Whoa!  Angie!!! Back off that logic!  You're going to confuse the liberals.

TEXT2: @user @user @user @user Whoa!  Angie!!! Back off that philosophic!  You're evaporate to confuse the liberals.","TEXT1: @user He is an israeli puppet.

TEXT2: @wearer It is an israeli puppeteer.","TEXT1: @user Deep corruption in the Puerto Rican government is the cause for the ppls misery. Billions sent &amp; you don‚Äôt have the foresight to harden &amp; secure the power system on an island that will most likely get hit again. This is the Puerto Rican‚Äôs government ms fault.

TEXT2: @user Deep corrupted in the Puerto Rican government is the cause for the ppls misery. Billions sent &amp; you don‚Äôt have the foresight to harden &amp; secure the power system on an island that will most likely get hit again. This is the Puerto Rican‚Äôs government ms fault.","TEXT1: @user Did you hear that @user had a game taken away from her because she called an official a theif after he took a point and he only took a game away from her because she is a woman and he'd never have done that to a man? Would love to hear your thoughts on this

TEXT2: @user Do you listening that @username were a plaything taken away from her because she called an bureaucrat a theif after he grabbed a points and he only took a gaming away from her because she is a woman and he'd never have done that to a man? Cant adore to hear your thinks on this","TEXT1: @user GOD DAMN IT... YOU ARE SO RIGHT. THERE'S NO GOING WRONG WITH THIS STUFF.

TEXT2: @user GOD DAMN IT... YOU ARE SO RIGHT. THERE'S NOR GOING WRONG WITH THIS STUFF.","TEXT1: @user @user @user Time I‚Äôm really starting to hate that word....she had all the time in the world to open her mouth...really shut up about time! Enough of this left....Liberals bull shit about time! You and she have no case! Actually time is what is Hurting her case!

TEXT2: @user @user @user Time I‚Äôm really starting to antipathy that word....she had all the time in the world to open her lips...really shuts up about time! Enough of this left....Liberals bull scheisse about time! You and she have no case! Actually time is what is Hurting her case!","TEXT1: @user LIAR!!!!.... see Clarence Thomas confirmation.... this was never about the lie!..it was always a delay tactic...nothing more...disgusting liberals and the Game they call 'politics'

TEXT2: @subscriptions FALSEHOOD!!!!.... see Clarence Thomas confirmation.... this was never about the lie!..it was always a delay tactic...nothing more...disgusting liberals and the Game they call 'politics'","TEXT1: @user @user @user @user If the justice system is working against American values then the results of this graph would be a badge of HONOR for our great President and his supporters! Stop the liberals dead in their tracks! #NotBakingYourCake #ProudToLoveJesus

TEXT2: @user @user @user @user If the justice system is working against American usefulness then the concluding of this graph would be a pennant of HONOR for our massive President and his supporters! Arrest the liberals dead in their tracks! #NotBakingYourCake #ProudToLoveJesus","TEXT1: @user Don‚Äôt even know the subject  but I‚Äôll side with Sarandon only because she has class (even if I disagree with her) against the classless rambling fool.  üòÅ

TEXT2: @user Don‚Äôt even know the subject  but I‚Äôll side with Sarandon only because she has class (even if I disagree with her) against the classless rambling butthead.  üòÅ","TEXT1: @user @user @user I know you're not this naive. Those people make up a very small % of Trump supporters. Do all Liberals support terrorist and (groups such as Antifa?

TEXT2: @user @user @user I know you're not this naive. Those people make up a very small % of Trump supporters. Do all Liberals support terrorism and (groups such as Antifa?","TEXT1: @user @user @user @user @user needs to take action instead of turning a blind eye to what occurred. It was shameful behaviour, tantamount to organised bullying. Reprehensible"""" just a word. If she ignores it. she is part of problem. Ineffective leadership entrenches this rot in ALP party culture""""

TEXT2: @user @user @user @user @user needs to take action instead of turning a blind eye to what occurred. It was shameful behaviour, tantamount to organised bullying. Reprehensible"""" just a word. If she ignores it. she is part of disorder. Ineffective leader entrenches this rot in ALP party culture""""","TEXT1: @user everyone's ragging your ass on Puerto rico Don. The mayor put a stop to the work being done out there a while back.

TEXT2: @user everyone's ragging your cul on Puerto rico Don. The mayor put a stop to the work being done out there a while back.","TEXT1: this cant be legal ... Right? #KAG #MAGA

TEXT2: this messed sunt moral ... Entitled? #KAG #MAGA","TEXT1: @user Lol same. Mom: why don‚Äôt you do art of real people? Me: he is a real people.

TEXT2: @user Lol same. Breast: why don‚Äôt you played arty of substantive folks? Me: he is a factual hombres.","TEXT1: @user While for Republicans there's no difference in % of AGW belief between PhDs and college freshmen because conservatives are more open-minded people who are able to question consensus; plus tend to get degrees in more practical fields like eng. instead of airy fairy artsy BS.

TEXT2: @user While for Republicans there's no imbalance in % of AGW cults between PhDs and college freshmen because conservatives are more open-minded people who are skilful to point consensus; plus sloping to get degrees in more factual camps like ingles. however of airy fairy fartsy BS.","TEXT1: @user All liberals should cross the floor and leave Trudeau all alone to implode! Guy is leading  our country into financial disaster!

TEXT2: @user Any liberals should cross the floor and leave Trudeau all alone to implode! Guy is culminating  our country into financial disaster!","TEXT1: @user Just noticed that twitter will block anything about a certain billionaire who buys people to accuse conservatives of wrong doing.

TEXT2: @user Just proved that twitter will block anything about a concrete billionaire who buys people to impeach conservatives of bad ai.","TEXT1: @user You are so dope man

TEXT2: @subscriber Thyself are well dope husband","TEXT1: @user I cackle at something different shit every time I watch it lol

TEXT2: @user I cackle at something different damned every time I watch it lol","TEXT1: @user @user And that's where you are seeing what you want to see. You think these people want to look manly and powerful. I see them expressing solidarity. what a useless thing to mock.

TEXT2: @user @user And that's where you are seeing what you want to see. You think these people want to look manly and powerful. I see them expressing solidarity. what a futile thing to mock.","TEXT1: @user Graham you are on the wrong side of history.

TEXT2: @user Grahams you are on the inappropriate flanks of history.","TEXT1: @user @user The purrfect portrait! She even has her tail wrapped around her paws! She is beautiful in this shot!

TEXT2: @user @user The purrfect spitting! She even has her tail wrapped around her paws! She is delicious in this kiiled!","TEXT1: @user He is reprehensible. Him and Durbin.

TEXT2: @user He is reprehensible. Himself and Durbin.","TEXT1: @user @user Landon sucks I asked him for my birthday if I could play with him but he never got back to me so Landon you suck

TEXT2: @user @user Landon disturbs I asked him for my birthday if I could play with him but he never got back to me so Landon you tickling","TEXT1: @user @user Melting snow flakes

TEXT2: @user @user Melting blizzards flakes","TEXT1: @user @user Yes as the Democrats and liberals continue to sabotage the November elections it would be the intelligent thing to do so say 20+Million Veterans

TEXT2: @user @user Yeah as the Democrats and liberals continue to sabotage the November voters it would be the intelligent thing to wo afterward speak 20+Trillion Militants","TEXT1: @user Attention! @user is publicizing an ANTIFA target list on his account. The list has high profile names AND many random Trump Supporters' names. Twitter has NOT suspended this account. Please help report him. (check out his account Lists"""" ).""""

TEXT2: @user Scrupulous! @user is publicizing an ANTIFA blanco slates on his gl. The slates ha big describing nouns THUS big thoughtless Trump Supporters' names. Twitter gets NOR suspended this account. Please supports report him. (ticked out his auditors Rated"""" ).""""","TEXT1: A few things that happened to me in between #KUFball road wins:  -got married -had sex twice -got divorced

TEXT2: another lite thing that went to me in between #KUFball freeways sieg:  -gets women -had sex twice -got estranged","TEXT1: @user You're a piece of shit for saying that FEMA was successful in helping Puerto Rico after hurricane Maria. 3000 people died. You think that's successful? You really have no soul. You're a fucking horrible human being. I don't even think you're human. FUCK YOU!!!

TEXT2: @shoppers You're a part of shite for eloquent that FEMA was helpful in helping Puerto Harbours after hurricane Maria. 3000 individuals bereavement. Thyself contemplation that's positive? You really enjoy no alma. You're a merde fearsome humanitarian being. I don't even view you're humanitarian. ACCURSED THY!!!","TEXT1: @user @user @user @user @user Maybe they should have started the checks 10 years ago Arron then there wouldn‚Äôt be so many Bloody Liberals in the Party.

TEXT2: @user @user @user @user @user Imaginable they should have cranking the exam 10 olds till Arron then there wouldn‚Äôt be so many Bloody Liberals in the Party.","TEXT1: @user @user tough to speak your mind at work if your a conservative..amazing that this occurred in work setting. Bizarre.

TEXT2: @user @user tough to speak your wits at jobs if your a conservative..brilliant that this spoken in labor fixture. Bizarre.","TEXT1: @user She Wants Gun Control? Figures

TEXT2: @user Herself Wants Gun Control? Fingers","TEXT1: @user @user @user @user I've noticed a lot of conservatives are thoroughly disingenuous when engaging in twitter.

TEXT2: @user @user @user @user I've realized a lot of conservatives are utterly phony when perpetrating in facebook.","TEXT1: @user After the GOP wins the mid-terms easily there will be no reason we dont put on the masks and grab weapons to go all #ANTIFA on people like you clowns have been doing. Going to be so much fun!!!!

TEXT2: @customers Upon the BIDEN prevail the mid-terms easily there alacrity be no reason we prob bring on the masks and grab sidearms to go all #ANTIFA on volk amateur you clowns have been doing. Going to be so much fun!!!!","TEXT1: @user Oh fuck yeah

TEXT2: @user Oh hell yeah","TEXT1: @user  I love the comments about squishy conservatives and their support of the need for guest workers. Sounds like @user .

TEXT2: @user  I cared the suspending about squishy conservatives and their pomoc of the compels for guest serfs. Sounds like @user .","TEXT1: 1) Ultimately, the defense of Kavanaugh by Republicans, conservatives, their media and public is a manifestation of America's rape culture -- the latter being neither 'colorblind' or 'race neutral.'""""""""

TEXT2: 1) Ultimately, the advocating of Kavanaugh by Republicans, republicans, their presse and pubic is a manifestation of America's rape culture -- the latter being neither 'colorblind' or 'purebred unprejudiced.'""""""""","TEXT1: @user @user @user @user @user ...how you want to be defined""""? PUL-EASE! When you live under a 24/7/365 MSMedia SHIT-SMEAR to the point you have Marxine Waters sending her ANTIFA minions out to threaten you in public places - you learn not to give a F*CK what the """"Pavlovian Left"""" thinks. Night, night üåô!""""

TEXT2: @user @user @user @user @user ...how you want to be defined""""? PUL-EASE! When you live under a 24/7/365 MSMedia SHIT-SMEAR to the point you have Marxine Waters sending her ANTIFA minions out to disrupt you in civic places - you learn not to give a F*CK what the """"Pavlovian Left"""" thought. Night, night üåô!""""","TEXT1: @user Liberals are full of s#$t when they say they have alot of love to give!  They have become the devils minions.  No one will prayerfully vote for their socialist agenda!

TEXT2: @consumer Liberalism are plenary of s#$t when they say they have alot of love to give!  They have become the satan minions.  No one alacrity prayerfully elections for their socialistic agenda!","TEXT1: No my family aren't MAGA they just don't care. They're apart of the populace who get distracted by pop culture completely. They have zero idea what is going on in the world until I tell them &amp; even then they don't care. I'm a lion amongst lambs.

TEXT2: No my family aren't MAGA they just don't care. They're apart of the populace who get distracted by pop civilizations completely. They possesses none vistas what is going on in the world until I tell them &amp; even then they don't care. I'm a lion amongst lamb.","TEXT1: @user @user You should investigate Antifa's connections to the Nazis.

TEXT2: @user @user You should snooping Antifa's liens to the Nazis.","TEXT1: @user This liberal is pissed that anyone would give that disgusting pos an award for equality. And....f.u. for including all liberals in this bullshit decision by the HRC.

TEXT2: @user This liberal is pissed that anyone would give that shocking pos an award for equality. And....f.u. for including all liberals in this flan decision by the HRC.","TEXT1: @user @user WHERE'S holier than thou @user  Sippin wine in the shade somewhere...  #MAGA

TEXT2: @user @user WHERE'S sanctimonious than shouldst @user  Sippin wine in the shade somewhere...  #MAGA","TEXT1: (Albert)  Conservatives are spreading the lie Anderson Cooper faked a hurricane...

TEXT2: (Albert)  Conservatives are spreading the deception Anderson Cooper faked a hurricane...","TEXT1: @user All you do is lie. All congress does us lie.  MAGA.

TEXT2: @user Any you do is iie. All congress does us lie.  MAGA.","TEXT1: @user He is a DUMBASS !!!!!

TEXT2: @user His is a JERK !!!!!","TEXT1: @user @user @user @user Huh! The pot grows as council grows...in this case it is a reduction...and that amount $25m is going right back to the city for police gun control...already announced!

TEXT2: @user @user @user @user Huh! The pot grows as councils grows...in this case it is a shrank...and that monies $25m is going right back to the shing for cp gun control...already publicized!","TEXT1: @user @user Your statement sums up the Lib Dem party tbh Brett. And the Conservatives....... and the Labour Party......... What a sorry state we are in!!

TEXT2: @user @user Your rhetoric sums up the Tories Dem fiesta tbh Bret. And the Republicans....... and the Labourer Party......... What a sorry state we are in!!","TEXT1: @user FF8 sucks MAJOR wang.

TEXT2: @subscriptions FF8 stinks MAJOR zhu.","TEXT1: #ownthelibs interesting documentation of reactionary behavior from conservatives

TEXT2: #ownthelibs seductive papier of retarded misconduct from conservatives","TEXT1: @user Eric u got alot of balls ...

TEXT2: @user Eric ou got alot of balls ...","TEXT1: @user What are you afraid of liberals. You screamed for transparency!Now that POTUS is doing just that you are screaming to keep it secret.The truth is there. You don‚Äôt want it seen.Liberals are hypocrites &amp; the alphabet agencies have some bad apples involved in a soft coup. Tick Tock

TEXT2: @user What are you afraid of liberals. You screamed for transparency!Now that POTUS is doing just that you are screaming to keep it secret.The truth is there. You don‚Äôt want it seen.Liberalism are simpletons &amp; the alphabet agencies have some bad apples involved in a soft coup. Tick Tock","TEXT1: @user who in America isn't grateful to our military?!?!? Her husband didn't die on the battle field...he died at home!! She should be fighting for gun control and stronger laws regarding mental illness! @user is about police brutality...she should educate herself on the issues

TEXT2: @user who in America isn't grateful to our military?!?!? Her husband didn't die on the battle field...he died at home!! She should be fighting for guns control and stronger laws regarding affective indisposed! @user is about police brutality...she should educate herself on the issues","TEXT1: @user @user Best female  tennis player ever? Arguably. Great player. She is starting to age and become less unbeatable.

TEXT2: @user @user Best female  opens gamers ever? Arguably. Gargantuan gambler. She is starting to age and become less airtight.","TEXT1: @user primary argument against #Kavanaugh is that he is too Constitutional""""  The democrats started a civil war during Clinton  They heightened their propaganda during Obama  They are scared animals backed into a corner  Antifa, BLM &amp; MS13 are their Sturmabteilung""""

TEXT2: @user primary argument against #Kavanaugh is that he is too Constitutional""""  The democrats started a civil war during Clinton  They heightened their propaganda during Obama  They are scared mammals backed into a corner  Antifa, BLM &amp; MS13 are their Sturmabteilung""""","TEXT1: @user @user Choosing heartless politician over your ancestors country.  Speaks volumes as to who you are.

TEXT2: @user @user Choosing merciless politician over your ancestors country.  Speaks volumes as to who you are.","TEXT1: @user Football is an all American sport that brings families and communities together.  It also celebrates masculinity. It seems these things are under attack today.

TEXT2: @user Football is an all American jock that arouses families and populations juntos.  He also celebrates masculinity. It seems these things are under attack domingos."
13/09/2022 09:17:40,Strongly Agree,Strongly Agree,Disagree,Strongly Disagree,Disagree,Agree,Agree,Strongly Agree,Disagree,Disagree,Disagree,Strongly Agree,Agree,Disagree,Agree,Agree,Disagree,Agree,Strongly Disagree,Strongly Disagree,Agree,Disagree,Disagree,Agree,Disagree,Disagree,Disagree,Strongly Agree,Strongly Disagree,Agree,Agree,Agree,Disagree,Disagree,Agree,Agree,Strongly Agree,Disagree,Agree,Agree,Disagree,Disagree,Agree,Disagree,Disagree,Agree,Agree,Agree,Disagree,Disagree,Disagree,Agree,Strongly Agree,Strongly Agree,Disagree,Strongly Disagree,Disagree,Agree,Agree,Strongly Disagree,Disagree,Strongly Agree,Strongly Agree,Agree,Disagree,Strongly Agree,Disagree,Agree,Disagree,Disagree,Disagree,Disagree,Strongly Agree,Agree,Disagree,Disagree,Strongly Disagree,Strongly Agree,Disagree,Strongly Agree,Agree,Agree,Agree,Disagree,Agree,Strongly Disagree,Strongly Agree,Disagree,Strongly Agree,Agree,Agree,Disagree,Disagree,Strongly Agree,Agree,Strongly Agree,Disagree,Agree,Strongly Agree,Disagree
16/09/2022 17:48:19,Agree,Disagree,Strongly Disagree,Disagree,Disagree,Agree,Agree,Agree,Disagree,Agree,Disagree,Agree,Agree,Strongly Disagree,Strongly Disagree,Agree,Strongly Disagree,Strongly Disagree,Strongly Disagree,Strongly Disagree,Disagree,Agree,Strongly Disagree,Agree,Strongly Disagree,Disagree,Disagree,Strongly Disagree,Strongly Disagree,Disagree,Agree,Strongly Agree,Disagree,Strongly Disagree,Strongly Agree,Disagree,Agree,Disagree,Disagree,Strongly Disagree,Strongly Disagree,Strongly Disagree,Strongly Disagree,Disagree,Disagree,Agree,Strongly Disagree,Disagree,Agree,Disagree,Strongly Disagree,Agree,Strongly Agree,Strongly Disagree,Disagree,Strongly Disagree,Strongly Disagree,Disagree,Strongly Disagree,Strongly Disagree,Strongly Disagree,Agree,Agree,Agree,Strongly Disagree,Agree,Disagree,Disagree,Strongly Disagree,Strongly Disagree,Strongly Disagree,Disagree,Strongly Disagree,Strongly Disagree,Strongly Disagree,Strongly Disagree,Strongly Disagree,Strongly Agree,Strongly Disagree,Strongly Disagree,Disagree,Strongly Disagree,Disagree,Strongly Disagree,Strongly Disagree,Strongly Disagree,Agree,Strongly Disagree,Disagree,Strongly Disagree,Strongly Disagree,Strongly Disagree,Strongly Disagree,Agree,Disagree,Strongly Disagree,Strongly Disagree,Disagree,Agree,Strongly Disagree
20/09/2022 00:52:42,Disagree,Disagree,Disagree,Strongly Disagree,Strongly Disagree,Agree,Strongly Agree,Agree,Strongly Disagree,Strongly Disagree,Strongly Disagree,Agree,Disagree,Strongly Disagree,Strongly Disagree,Disagree,Strongly Disagree,Strongly Disagree,Strongly Disagree,Strongly Disagree,Strongly Disagree,Disagree,Strongly Disagree,Disagree,Strongly Disagree,Strongly Disagree,Strongly Agree,Strongly Disagree,Strongly Disagree,Strongly Disagree,Strongly Disagree,Strongly Disagree,Disagree,Strongly Disagree,Agree,Disagree,Strongly Agree,Disagree,Disagree,Disagree,Disagree,Strongly Disagree,Strongly Disagree,Strongly Disagree,Strongly Disagree,Strongly Disagree,Strongly Disagree,Strongly Disagree,Strongly Disagree,Strongly Disagree,Strongly Disagree,Agree,Strongly Agree,Disagree,Disagree,Strongly Disagree,Strongly Disagree,Strongly Disagree,Strongly Disagree,Disagree,Strongly Disagree,Strongly Disagree,Agree,Disagree,Disagree,Disagree,Disagree,Strongly Disagree,Disagree,Strongly Disagree,Strongly Disagree,Strongly Disagree,Strongly Disagree,Strongly Disagree,Strongly Disagree,Strongly Disagree,Strongly Disagree,Strongly Agree,Strongly Disagree,Strongly Disagree,Disagree,Strongly Disagree,Strongly Disagree,Disagree,Strongly Disagree,Strongly Disagree,Strongly Agree,Disagree,Disagree,Disagree,Strongly Disagree,Strongly Disagree,Strongly Disagree,Disagree,Strongly Disagree,Strongly Disagree,Strongly Disagree,Strongly Disagree,Strongly Agree,Disagree
20/09/2022 22:00:40,Disagree,Strongly Agree,Strongly Disagree,Strongly Disagree,Disagree,Strongly Disagree,Agree,Agree,Agree,Agree,Disagree,Strongly Agree,Disagree,Strongly Disagree,Strongly Disagree,Strongly Agree,Strongly Disagree,Strongly Disagree,Strongly Disagree,Strongly Disagree,Agree,Strongly Agree,Strongly Disagree,Strongly Agree,Strongly Disagree,Strongly Disagree,Agree,Agree,Strongly Disagree,Strongly Disagree,Strongly Agree,Agree,Agree,Strongly Disagree,Disagree,Disagree,Disagree,Strongly Disagree,Strongly Disagree,Disagree,Strongly Disagree,Strongly Disagree,Strongly Disagree,Strongly Disagree,Strongly Disagree,Strongly Agree,Disagree,Disagree,Strongly Agree,Strongly Agree,Disagree,Agree,Strongly Agree,Agree,Disagree,Strongly Disagree,Strongly Disagree,Disagree,Disagree,Strongly Disagree,Strongly Disagree,Agree,Agree,Agree,Strongly Disagree,Agree,Disagree,Disagree,Strongly Disagree,Strongly Disagree,Strongly Disagree,Strongly Disagree,Strongly Disagree,Disagree,Disagree,Strongly Disagree,Strongly Disagree,Agree,Strongly Disagree,Strongly Disagree,Agree,Agree,Agree,Strongly Disagree,Strongly Disagree,Agree,Agree,Disagree,Strongly Agree,Strongly Disagree,Strongly Disagree,Disagree,Strongly Disagree,Disagree,Disagree,Disagree,Strongly Disagree,Agree,Strongly Agree,Agree
24/09/2022 21:05:24,Agree,Strongly Agree,Strongly Disagree,Disagree,Disagree,Disagree,Disagree,Agree,Disagree,Strongly Agree,Disagree,Agree,Strongly Agree,Disagree,Disagree,Disagree,Strongly Disagree,Disagree,Strongly Disagree,Disagree,Disagree,Agree,Disagree,Strongly Agree,Strongly Disagree,Disagree,Agree,Disagree,Strongly Disagree,Agree,Agree,Agree,Agree,Disagree,Agree,Disagree,Strongly Agree,Disagree,Disagree,Disagree,Agree,Strongly Disagree,Agree,Disagree,Disagree,Strongly Agree,Disagree,Agree,Agree,Agree,Disagree,Agree,Strongly Agree,Strongly Agree,Agree,Strongly Disagree,Strongly Disagree,Disagree,Agree,Disagree,Strongly Disagree,Disagree,Agree,Agree,Disagree,Strongly Agree,Strongly Disagree,Disagree,Disagree,Strongly Disagree,Disagree,Disagree,Disagree,Disagree,Disagree,Disagree,Disagree,Strongly Agree,Disagree,Strongly Disagree,Disagree,Disagree,Disagree,Disagree,Disagree,Disagree,Strongly Agree,Agree,Agree,Agree,Strongly Disagree,Disagree,Strongly Disagree,Agree,Agree,Disagree,Strongly Disagree,Agree,Strongly Agree,Disagree