Timestamp,"TEXT1: Ha ha BJP knows that Hindus r so stupid that they r ready to starve with no jobs but first like to see Ram Mandir then Taj Mahal.

TEXT2: Get fi BJP savoir that Brahmins s too idiotic that they rupees ripe to famished with no labor but first like to worm Aries Durga then Labels Mahal.","TEXT1: Proposed relaxation of immigration rules for non-EU skilled workers | Migration Watch UK

TEXT2: Planned relaxation of immigration regulated for non-EU skilled serfs | Migration Monitors ENGLISHMEN","TEXT1: ugly skank bitch >:(

TEXT2: ugly skank bitchy >:(","TEXT1: #WorldRefugeeDay is tomorrow! You can help refugee rebuild their lives in the U.S. by joining our World Refugee Day campaign. Get started √¢≈æÔøΩ

TEXT2: #WorldRefugeeDay is tomorrow! You can allow emigrants repossession their decedent in the U.ies. by rejoin our World Harbored Day campaigning. Perceives started √¢≈æÔøΩ","TEXT1: @user Muslims still use there √¢≈ì‚Äπ to wipe there asses and mary there own family. I'm not allowed to do that but Muslims can and have ten wives and draw welfare on all ten. I can't. Democrats brought them here as refugees and now they vote. Stop an

TEXT2: @user Quran still use there √¢≈ì‚Äπ to wipe there asses and mary there own family. I'm not allowed to do that but Muslims can and have ten wives and draw welfare on all ten. I can't. Democrat worded them here as evacuees and now they vote. Apprehending an","TEXT1: Philippine Catholic bishops want a total ban on the deployment of Filipino workers to countries that do not have laws to protect migrants.

TEXT2: Filipinos Catholic bishops want a total ban on the proliferation of Filipino workers to country that do not have laws to amparo migrants.","TEXT1: @user We have head enough yooh not all men r rapist , what about women who r rapists? So please stop it

TEXT2: @user We have head enough yooh not all mankind r rapist , what about womans who r rapists? So please stop it","TEXT1: @user Some stupid cunt blogger on Skynews earlier. Said if we are to prevent more Weinstein's we need 'l‚Ä¶

TEXT2: @user Some stupid bitch blogging on Skynews earlier. Affirmed if we are to deter more Weinstein's we require 'gallons‚Ä¶","TEXT1: Many thanks to @user @user @user for attending today‚Äôs anti-fascist demo in Newtownards. #HopeNotHate Refugees welcome fascists not! #NoPaseran

TEXT2: Many forgave to @user @user @user for contributes time‚Äôs anti-fascist demo in Newtownards. #HopeNotHate Refugees welcome fascists not! #NoPaseran","TEXT1: The German Government Pays for 3 Week Vacation for Refugees to Go Home The German government is actually giving refugees three weeks paid vacations INCLUDING airfare BACK to the very countries that claim they are fleeing because it is unsafe. JUST

TEXT2: The German Government Pays for 3 Week Vacation for Refugees to Go Home The German governance is actually giving refugees three weeks paid vacations EMBRACING airfare BACK to the very countries that claim they are flees so it is unsafe. SEUL","TEXT1: @user No bitch you a hoe

TEXT2: @user No bastard you a hoes","TEXT1: When you ask her what that mouth do

TEXT2: Once you ask her what that mouth do","TEXT1: @user ice has more talent in his ejeculated sperm than you do in ur whole body please shut the fuck up and go suck idubbz dick u cunt

TEXT2: @user ice has more talent in his ejeculated sperms than you do in ur whole body please shut the fuck up and go suck idubbz dick u cunt","TEXT1: //'We will send back the illegal immigrants to Bangladesh. Tough days are ahead, we will not tolerate any illegal immigrants in Bengal.'With these statements, West Bengal...

TEXT2: //'We will send back the undocumented immigrants to Bangladesh. Tough days are ahead, we will not acknowledged any illegal evacuees in Bengal.'With these statements, West Bengal...","TEXT1: The United States is a country founded by immigrants and dependent for its success on #immigration.

TEXT2: The United States is a estado engendered by immigrants and dependent for its accomplishing on #immigration.","TEXT1: Sarah Brooke Vs Carmen Skank Pussy Bitch #SEXFIGHT via @user

TEXT2: Sarah Brooke V Carmen Skank Pussy Bitch #SEXFIGHT into @user","TEXT1: @user @user Grant you the first point, but it was a joke more than an insult.About the second point though, calling an hysterical person hysterical doesn't set anyone back. There are hysterical women (and men), bitches and douchebags, ass

TEXT2: @user @user Grant you the first point, but it was a joke more than an insult.About the second point though, exhort an crazy ones hysterical doesn't set anyone back. There are hysterical women (and grooms), bitches and douchebags, ass","TEXT1: your girlfriend a major snorter but that bitch ain't worth a quarter üò¨

TEXT2: your fiancee a major snorter but that prick ain't worth a quarter üò¨","TEXT1: Illegal Alien Accused of Trying to Rob, Stab Woman in Home Invasion | Breitbart  #StopTheInvasion

TEXT2: Illegal Alien Accused of Trying to Rob, Stab Woman in Home Invasion | Msnbc  #StopTheInvasion","TEXT1: @user Just look at her face..sorry women but look up CUNT and you will see this bitch face. If ever a woman to get punched JSüòÇüòÇ

TEXT2: @user Just look at her face..sorry maiden but look up CUNT and you will believe this jerk face. If ever a woman to attains punched JSüòÇüòÇ","TEXT1: @user @user THAT SHIT ENDED A LONG TIME AGO BITCH ASS CUNT üó£

TEXT2: @user @user THAT SHIT ENDED A LONG TIME AGO FUCKING ASS CUNT üó£","TEXT1: You gotta throw glitter after that. Bitch pussy must be SERIOUS.

TEXT2: You gotta throw glitter after that. Harlot pussycat must be UTMOST.","TEXT1: @user @user Excellent. May almighty ram give lot of power all of you to construct ram mandir,break 370 in j&;k, crush islamic agenda and amend constitut

TEXT2: @user @user Sterling. May mega ram let lot of power all of you to build amr govind,breaching 370 in johnston&;potassium, exterminate islamic emissions and shift constitut","TEXT1: #LandDegradation drives mass #migration, #climatechange. Degraded #land could be restored by planting #trees, using salt-tolerant crops, and re-flooding drained #wetlands.√∞≈∏≈í¬≤√∞≈∏≈í¬≥√∞≈∏≈í¬¥√∞≈∏≈Ω‚Äπ√∞≈∏≈í‚Äû#soil #landrestoration #landlivespeace #livelihoods

TEXT2: #LandDegradation drives mass #migration, #climatechange. Degraded #land could become retake by semis #shafts, exploit salt-tolerant cultures, and re-flooding eviscerated #wetlands.√∞≈∏≈í¬≤√∞≈∏≈í¬≥√∞≈∏≈í¬¥√∞≈∏≈Ω‚Äπ√∞≈∏≈í‚Äû#soil #landrestoration #landlivespeace #livelihoods","TEXT1: #BuildThatWall #IllegalAliens @user .@EXPECT_KA0S Eric Lang, CEO Yarrabee Farms admitted did not use EVerify for this killer or workers. Tell AG .@jeffsessions to get off his behind work on getting EVerify mandatory 4all jobs. Hopefully ICE raids YarebeeFarms as regular visit

TEXT2: #BuildThatWall #IllegalAliens @subscriber .@EXPECT_KA0S Liddell Prolonged, CEO Yarrabee Farms admitted did not use EVerify for this assassinating or staff. Explains GP .@jeffsessions to attaining off his behind work on attaining EVerify imperative 4all tasks. Satisfied ICY strike YarebeeFarms as periodic visit","TEXT1: 224 illegal migrants held in western Turkey

TEXT2: 224 illegal migrants possessed in western Turkeys","TEXT1: Bitch boi still doesn‚Äôt know his girl still barking up my tree üò¥

TEXT2: Bitch boi instead doesn‚Äôt listen his girl still barking up my tree üò¥","TEXT1: Immigrant Defense Project #HereToStay

TEXT2: Migrants Defence Agenda #HereToStay","TEXT1: Come up here and say somethin now you broke, beggin, fingers in the booty ass bitch'

TEXT2: Arrives up here and say somethin now you shattered, feelin, fingers in the booty bot bitch'","TEXT1: Why is thos racist,homophobic whore @user getting so much success all of the sudden ? Like go away ugly cunt.

TEXT2: Why is thos racist,homophobic whorehouse @user getting so much success all of the sudden ? Like go away ugly cunt.","TEXT1: @user Babe, I wanna thank you for having such insane anal scenes. Your scene from Slut Auditions #3 is my all-time fav !

TEXT2: @user Babe, I wanna thank you for having such insane vaginal scenes. Your scene from Slut Auditions #3 is my all-time fav !","TEXT1: How to Pronounce Whore Eyed Cunt ‚Ü∫RT‚ù§ #

TEXT2: How to Dialect Whore Stare Hussy ‚Ü∫RT‚ù§ #","TEXT1: @user @user @user here's my point you dog of assad son of whore father of slut

TEXT2: @user @user @user here's my point you dog of asad thread of whore pop of slut","TEXT1: @user Thank god for anti -hysterical women like @user & @user , that have the guts to stand up for reason over witch -hunts

TEXT2: @user Thank god for anti -hysterical women like @user & @user , that have the guts to position up for reason over witch -hunts","TEXT1: [Feature] Congolese refugees ask Korean firm not to supply voting machines to their country

TEXT2: [Component] Congolese refugees please Korean fermi not to supply voting machines to their country","TEXT1: Pro Tip- Always call skinny girls fat, they live that shit üåö

TEXT2: Pro Tip- Always call skinny madams fat, they live that shit üåö","TEXT1: @user @user @user @user please spread the word  -&gt;&gt; using frequent flyer miles to reunite immigrant families!

TEXT2: @user @user @user @user please spread the mots  -&gt;&gt; using frequent fliers miles to consolidation immigrant captivity!","TEXT1: Bitch is literal referring to the mass murder of falsely accused women (and one man). Weinstein isn‚Äôt even to court‚Ä¶

TEXT2: Bitch is literal suggesting to the masses murder of falsely pled women (and one man). Wexler isn‚Äôt even to courts‚Ä¶","TEXT1: Wherever they arrive #Muslim migrants bring destruction, unrest, fear &amp; crime!So why do we keep taking them in?#Spanish people may have voted in a socialist government but surely they haven't voted for their own demiseVote the gov down, fight back or accept being conquered

TEXT2: Wherever they arrive #Quran migrating bring destruction, unrest, fear &amp; crime!So why do we keep taking them in?#Spanish people may have voted in a socialist government but surely they haven't voted for their own demiseVote the gov down, fight back or accept being conquered","TEXT1: @user Massive explosion in Muslim population,illegal migrants r root cause of pollution.Focus on aligning them as good citizens

TEXT2: @user Massive explosion in Islamic population,illegal evacuees r root cause of pollution.Focus on aligning them as good citizens","TEXT1: @user This bloke is the sort of cunt who's old woman is fucking someone else but says well what can you do?!

TEXT2: @user This blokes is the sort of cunt who's old woman is fucking someone else but says well what can you do?!","TEXT1: Do not announce your not all men argument when I tell you that in the 16th century anything a woman did without the OK of her husband...

TEXT2: Do not heralding your not all dudes reasons when me apprised you that in the 16th millenium anything a woman could without the YEA of her wifey...","TEXT1: German Interior Minister Slams Merkel and bans the entry of new migrants into Germany - Free Speech Time - @user

TEXT2: German Interior Minister Slammed Merkel and bans the entry of new migrants into Germany - Free Speech Time - @user","TEXT1: NEW BLOG POST √¢≈æÔøΩ At World Relief, we‚Äôve welcomed and provided support to almost 300,000 refugees since 1979. We love these strangers as neighbors because Jesus calls us to. But we also do it because we know that‚Äôs what we‚Äôd all want for our own families.

TEXT2: ANOTHER TWITTER POSITIONED √¢≈æÔøΩ During Global Repairing, we‚Äôve welcomed and stipulated allows to almost 300,000 refugees since 1979. We love these alien as neighbors because Jesus requisitions us to. But we also do it therefore we reckon that‚Äôs what we‚Äôd all want for our own households.","TEXT1: This illegal immigrant should be arrested for lying

TEXT2: This illegal newcomer should be arrested for lying","TEXT1: RT @user You're wearing yoga pants to show off your ass. Don't give me this bull shit 'they're comfy!' we all know the truth ladies #ASS #ASS #ASS

TEXT2: RT @user You're wearing yoga pants to show off your ass. Don't give me this bull shit 'they're comfy!' we all know the truth madame #ASS #ASS #ASS","TEXT1: this time last year i was in a bar in nyc and a bald white guy tried to hit on me by speaking norwegian and when it didnt work he got increasingly hostile and said the reason i wasnt impressed by his language skills was because im an immigrant and not a real swede

TEXT2: this scheduling last enjoyment i was in a bars in nyc and a bald white freund tried to hit on me by schmooze norwegian and when it couldnt work he getting again nemesis and confirmed the reason i shouldnt striking by his tongue capacity was because lam an immigrant and not a actual swede","TEXT1: RT @user After three years of separation, a young Syrian refugee hugs his mother in Germany. The picture says it all. #familyreunification

TEXT2: TCH @user After two ageing of cleavage, a childish Assyrian refugees smooch his mamma in Germany. The landscaping claimed it all. #familyreunification","TEXT1: @user Do MeP,s visit ,Greece to see ,the refugee reductions already trying to justify the Turkey deal ,afraid its not working

TEXT2: @user Do MeP,s excursions ,Greeks to see ,the refugee downsize already trying to justify the Turkic treaties ,afraid its not job","TEXT1: tired of #dems trying to speak 4 all ppl of color. Im #hispanic and they dont speak 4 me. I support #trump and support deporting all #illegals. #buildthatwall. #immigration needs to be done legally, no excuses. also, abolish the #h1bvisa program. foreigns r taking #americans jobs

TEXT2: fatigue of #dems trying to speak 4 all dont of colours. Im #ricans and they dont lecture 4 me. me support #trump and support extradited all #clandestine. #buildthatwall. #evacuees request to be finalised deservedly, no excuses. also, cancelling the #h1bvisa project. foreigns r taking #americans jobs","TEXT1: @user @user Yup I want #TonyPaul to song at The ""BIG BAD DON #TRUMP"" #RALLY IN #TEXAS..WITH #TEDCRUZ WHO IS THE SHARPEST MEANEST FAIREST LEGAL MIND AND #SENATOR IN THE #GOP #OCTOBER MAKE YUR RESERVATIONS, #RV SPOTS PLANE TICKETS 118,000 SEAT

TEXT2: @user @user Yup I want #TonyPaul to song at The ""BIG BAD DON #TRUMP"" #RALLY IN #ABILENE..WITH #TEDCRUZ WHO IS THE SHARPEST MEANEST FAIREST LEGAL MIND AND #SENATOR IN THE #GOP #OCTOBER MAKE YUR RESERVATIONS, #RV SPOTS PLANE TICKETS 118,000 SEAT","TEXT1: @user @user @user Isn't a pussy an exit hole too?

TEXT2: @user @user @user Isn't a puss an exit hole too?","TEXT1: @user @user @user Wrong! None are refugees, Zero! The are economic migrants/invaders colonizing at the expense of host countries while pretending to be ""asylum seekers"" They are a disaster for the countries that allow this to hap

TEXT2: @user @user @user Wrong! None are refugees, Zero! The are economic evacuees/executors imperialists at the expense of host countries while pretending to be ""asylum seekers"" They are a disaster for the countries that authorizing this to hap","TEXT1: Eat, bite, fuck, suck, nibble, gobble, chew! Finger-fuck hair pie, dick cunt screw! Hurray! Bat fuck! Blow me! #Syria‚ùÄ

TEXT2: Eat, mouthful, fuck, suck, nibble, gobble, chiu! Finger-fuck hair pie, dick slut shagged! Whew! Bat fuck! Blow me! #Assyrians‚ùÄ","TEXT1: Oh ffs NO MORE MIGRANTS GO HOME

TEXT2: Oh ffs NO MORE ARRIVALS GO HOME","TEXT1: @user War torn? Most so called refugees come from safe countries! Moron!#fuckEU #leaveEU #sendthemback it's the only option to save Europe

TEXT2: @user War torn? Most so called evacuees happened from safe countries! Moron!#fuckEU #leaveEU #sendthemback it's the only option to save Europe","TEXT1: @user @user @user THAT BITCH MUST HAVE A STRONG BACK. SHE CANT STOP DIGGING THE HOLE SHES IN. JESUS HILLA M‚Ä¶

TEXT2: @user @user @user EC SHITHEAD MUST HAVE A STRONG BACK. HERSELF CANT STOP DIGGING THE HOLE SHES IN. JESUS HILLA M‚Ä¶","TEXT1: Immigrant Health Workers in the UK

TEXT2: Migrants Healthcare Serfs in the BRITAIN","TEXT1: @user I am serious and sure that I want to put my penis in the hole of your ass

TEXT2: @user I am serious and sure that I want to put my dickhead in the hole of your rump","TEXT1: THINGS GOT HEATED: BREAKING: Woman Sets Pedophile Muslim Man on Fire After Catching Him Rape 7 -Yr -Old Daughter

TEXT2: THINGS GOT HEATED: RAPED: Woman Sets Molesting Muslim Mankind on Fire After Catch Oneself Rape 7 -Yr -Old Daughter","TEXT1: An Honest Article About Illegal Immigration By a Lefty?? Are Pigs Flying? -     A miracle...

TEXT2: An Sincerity Rule For Illegal Immigration By a Lefty?? Are Pigs Flying? -     A miracle...","TEXT1: Victory for Trump ! But only 6 islamic countries now are stopped for immigration into USA ! There are 34 islamic countries more. To beware the USA from terrorists these also has to get banned.

TEXT2: Victory for Trump ! But only 6 islamic countries now are stopped for evacuees into USA ! There are 34 islamic countries more. To beware the VS from terrorists these also had to get forbids.","TEXT1: Like I'm so glad you guys are standing with skales against that boy with the gutter mouth and pot hole face .

TEXT2: Like I'm so glad you guys are standing with skales against that males with the gutter mouth and pot hole face .","TEXT1: World Relief is continuing to provide legal aid and advocating for immigrant families who have been separated at the U.S.-Mexico border. You can make a difference and help reunite families by making a donation today. √¢≈æÔøΩ

TEXT2: World Repair is continue to affords regulatory aid and plead for colonist dwelling who get been detaching at the U.secs.-Mexican border. You can afford a difference and allow monotheism domesticated by take a donation mardi. √¢≈æÔøΩ","TEXT1: An undercount would allow the federal government to direct resources away from California, which has the largest #immigrant population in the country.  #Census takers could miss counting millions of #Californians, researchers say

TEXT2: An undercount would allow the federal government to direct resources away from California, which has the largest #immigrant inhabitants in the country.  #Census hijackers could flunked counting miilion of #Californians, geneticists avowed","TEXT1: You look like your mom beat you with an ugly stick while your dad poured cat piss all over you.

TEXT2: You look like your mom beat you with an ugly twig while your pape swelled cat piss all over you.","TEXT1: Observing Ramadan with union member and activist Khai (first photo in the middle) and his fellow migrant workers from Malaysia. The lady who prepared the food is an amazing cook! National Union of Workers organiser Anh is phenomenal!√∞≈∏‚Äô¬™ @user was eating like a horse√∞≈∏ÀúÔøΩ

TEXT2: Observing Ramadan with confederation lawmakers and activates Khai (first archives in the middlemen) and his fellow migrant maids from Penang. The lady who loaning the devouring is an unbelievable cook! Nationalistic Communities of Labor promoters Anh is unbelievable!√∞≈∏‚Äô¬∫ @buyers was eating like a horse√∞≈∏ÀúÔøΩ","TEXT1: Only men have a dick they can insert without consent, and women doing other shit. Not that women can't rape &amp; sexually harass either.

TEXT2: Only men have a bit they can insert without consent, and women doing other shit. Not that women can't rape &amp; sexually harass either.","TEXT1: Some people really dont understand why I get so upset at injustices happening in this country. Trust me, it's not that I like getting my panties in a wad over dumb things. It's the fact that people like me (minority, brown, immigrant, etc) r suffering and it affects me directly

TEXT2: Some sexes wholeheartedly dont realise why me obtaining then annoyed at inequality happening in this motherland. Confidence me, it's not that I like getting my panties in a wad over dumb parts. It's the fact that people like me (minority, brown, immigrant, etc) r undergoing and it influencing me promptly","TEXT1: @user @user I would hate hate to own border property! Terrifying to see and know that was happening in my backyard! Hundreds of them in such a short time, it's no wonder they are in Iowa corn fields. Please #BuildThatWall Please for o

TEXT2: @user @user me would unpleasantness animus to specific edges properties! Gruesome to query and recognise that was happenings in my courtyard! Dozens of them in such a brief spells, it's no blitz they are in Iowa cornfield area. Asking #BuildThatWall Guest for o","TEXT1: üôÑSays a colored woman of a race that claims to have a ' Hysterical Fear ' of the Police. ü§´

TEXT2: üôÑTell a colored woman of a race that states to have a ' Hysterical Fear ' of the Police. ü§´","TEXT1: #impeachtrump #republican #democrat Just consider how different life would be today if Hillary had picked Bernie as her VP candidate, they would have beaten the orange king by 30 points, saving SS, the budget, immigrant children, and journalist's lives.

TEXT2: #impeachtrump #republican #democrat Just consider how discordant inhabits would exist sundays if Hillary hectare mukhtar Bernie as her RV candidacy, they would have conquered the orange king by 30 points, saving SS, the budget, immigrated brats, and journalist's lives.","TEXT1: @user Fuck this fat pig bastard woman you fucking cunt. Wish I could cut your tits so that you could feel the pain cunt!!

TEXT2: @user Fuck this fat pig bastard dames you fucking cunt. Wish I could cut your nibbles so that you could feel the pain cunt!!","TEXT1: @user @user Muhhhhh privilege? Excuse me? IM OFFENDED!! HATE SPEECH!!! But of course you dont see the slippery slope.And yes, the made up arbitrary term hate speech is free speech. If you choose to get offended by shit, I suggest you get a backbone and grow the f*ck up you pussy.

TEXT2: @user @user Muhhhhh privilege? Excuse me? IM OFFENDED!! HATE SPEECH!!! But of course you dont see the slippery slope.And yes, the made up arbitrary term hate speech is free speech. If you choose to get offended by shit, I suggest you get a backbone and grow the f*ck up you cunt.","TEXT1: So if your reading this and I know you are .. STOP HITTING ME UP YO DICK LIDDO AND NOW THE WORLD KNOWS üò≠ü§¶üèΩ‚Äç‚ôÄÔ∏è

TEXT2: Consequently if your reading this and me learns you are .. STOP BOMBARDMENT MIG UP YO DICK LIDDO THEREFORE EVER EN WORLDWIDE FATHOM üò≠ü§¶üèΩ‚Äç‚ôÄÔ∏è","TEXT1: @user 'Oh said a bitch who lost everything. You whore.'

TEXT2: @subscribers 'Oh said a prick who renounced everything. You whore.'","TEXT1: Nothing irks me more than when bitches end it with a good guy then complain about getting hurt by a douche bag. #WakeUpYouWhore

TEXT2: Nothing irks me more than when cunts suspend it with a good guy then mourns about gaining hurt by a douche bag. #WakeUpYouWhore","TEXT1: @user You're the most dumb nigga in the history of dumb niggas, arguing with women like a lil bitch

TEXT2: @user You're the most dumb nigga in the history of dumb niggas, warring with women like a lil bitch","TEXT1: @user @user OLD SICK DOG HILLARY IS A DISGUSTING BITCH . BUT EVEN A SKANK HAS A FRIEND . IM SURE GERMAN‚Ä¶

TEXT2: @user @user OLD SICK DOG HILLARY IS A DISGUSTING SLUT . BUT EVEN A SKANK HAS A FRIEND . IM SURE GERMAN‚Ä¶","TEXT1: Refugees not welcome.

TEXT2: Refugees not welcomes.","TEXT1: Denmark has cut welfare benefits for migrants - ""We'll move to Finland"" They threaten ""Finland will treat us better"" - Free Speech Time - @user

TEXT2: Denmark has cut opulence benefits for migrants - ""We'll move to Finland"" They threaten ""Finland will treat us better"" - Free Speech Time - @user","TEXT1: I used to ride with my father before he retired as a Phoenix police officer.  He worked in west Phoenix over night.  Drunk illegal immigrant drivers were everywhere.  One almost T-boned us at an intersection.  They pose great danger the the rest of us who do follow laws.  üò°

TEXT2: I used to ride with my father before he retired as a Phoenix police officer.  He worked in west Phoenix over night.  Drunk illegal migrated drivers were everywhere.  One almost T-boned us at an intersection.  They pose great danger the the rest of us who do follow laws.  üò°","TEXT1: @user @user @user @user @user So you cant stand your own kind either you gotta breed with something else.

TEXT2: @user @user @user @user @user Both you cant stand your single kind either you gotta breed with something else.","TEXT1: fucking take that stupid bitch FILTHY whore nobody will love you fuck you idgaf if ur pregnant ill kill u go ahead call the cops nobody wi

TEXT2: fucking take that moronic prick STINKING whore nobody wanting love you fuck you idgaf if ur pregnant sicko dies u go ahead call the gendarme nobody wi","TEXT1: The chances that #Rohingya refugees may benefit from parliament's shake up are still slim #ucanews #voiceforthevoiceless #refugees #SocialJustice #Myanmar #AungSanSuuKyi @user @user @user @user @user @user

TEXT2: The dangers that #Rohingya refugees may profit from parliament's shimmy up are instead scrawny #ucanews #voiceforthevoiceless #emigrants #SocialJustice #Berman #AungSanSuuKyi @buyers @eaters @buyers @user @user @user","TEXT1: How retarded must you be to have a skank shave your legs ü§¶üèª‚Äç‚ôÄÔ∏è #jeremykyle

TEXT2: Why fuckwit must you are to possess a whore shave your thighs ü§¶üèª‚Äç‚ôÄÔ∏è #jeremykyle","TEXT1: @user @user @user @user Earth to Andrew, come in Andrew:   its about immigration.Denying Canadians their right to survive and defend their racial interests IS 'racial hatred'.  IN fact its White Genocide. Its a crime: Access to White peopl

TEXT2: @user @user @user @user Earth to Andrew, come in Andrew:   its about migrations.Denying Canadians their right to survive and defend their racial interests IS 'racial hatred'.  IN fact its White Massacre. Its a crime: Access to White peopl","TEXT1: @user The Politics of hard done Asylum seekers and designer Immigration policies to help them into Housing and NHS and other resources that can not be accessed by ordinary Uk Public all you do go on hunger strike or buy a Budgie get some publicity whi

TEXT2: @user The Politics of heavy played Sanctuary seekers and designer Immigration policies to allowing them into Housing and NHS and other hacienda that can not be admission by mundane Britain Public all you do go on hunger strike or buy a Budgie get some spreading whi","TEXT1: I got offered once by a neighbor to go to a church down the street &amp; thought about it but then found out a week later the priest was sexually assaulting immigrant women &amp; threatening to call ICE on them if they told. That was my sign to stay w my little shrine in my room üëãüèº

TEXT2: I achieved delivers once by a neighbor to gonna to a church down the street &amp; conception about it but then excavated out a week later the episcopalian was sexually assaulting immigrant women &gpa; threatening to summon ICE on them if they talk. That was my sign to stay w my wee shrines in my room üëãüèº","TEXT1: @user After AAP coming to power influx of illegal migrants from Bangladesh to Delhi increased multi fold.Jhugis seen all around

TEXT2: @user After AAP coming to power influx of illegal migrants from Bengali to Delhi increased multi fold.Jhugis seen all around","TEXT1: Pro-Trump Counter Protester Arrested At Immigration Rally For Brandishing Gun

TEXT2: Pro-Trump Warfare Protester Stop With Migrants Hikes From Whirling Pistols","TEXT1: I don‚Äôt know. @user ombudsman could answer the question but nobody cares under this administration. All this does is create chaos for refugees and asylees that are perfectly in status and discourages travel.

TEXT2: I don‚Äôt reckon. @user ombudsman could reacts the question but nobody shes under this governed. All this would is build anarchy for refugees and asylees that are perfectly in rule and dampen travel.","TEXT1: ‚ÄúMany of these parents were removed from the country without their child, all of this is the result of the government‚Äôs separation and then inability and failure to track and reunite,‚Äù [Judge] Sabraw said.

TEXT2: ‚ÄúInnumerable of these familia were removed from the country without their baby, all of this is the result of the governing‚Äôs separated and then powerlessness and flop to footpath and monotheism,‚Äù [Richter] Sabraw avowed.","TEXT1: @user In fact both Centre/States need to hound out all illegal immigrants &amp;deport them immediately to their Country.

TEXT2: @user In fact both Centre/States need to hound out all irregular evacuees &amp;deport them immediately to their Country.","TEXT1: People Are Waking Up Politicans are Protecting Illegal Immigrants Not their Citizens for Some Globalist Cheap Labor Scheme @user Had the Guts to Tell the Truth #MAGA #SendThemBack #Sweden via @user

TEXT2: People Are Waking Up Politicans are Protecting Secrets Immigrants Not their Civic for Some Globalist Cheap Earners Scheme @user Had the Insides to Tell the Truth #MAGA #SendThemBack #Sweden via @user","TEXT1: @user @user You shut your whore mouth

TEXT2: @user @user You shut your screwing mouth","TEXT1: At 16, Ancila's father was killed in Burundi's civil war, forcing her to flee. She spent 43 years living in 5 different refugee camps until she was finally resettled to the U.S.Help refugees like Ancila rebuild their lives after years of uncertainty. √¢≈æÔøΩ

TEXT2: At 16, Ancila's pope was killed in Burundi's civil struggling, forcing her to flee. She spent 43 years resides in 5 innumerable refugees minefields until she was finally budge to the xin.S.Allowed deportees like Ancila repossession their croaks after yr of destabilizing. √¢≈æÔøΩ","TEXT1: @user @user No room for anyone illegal. Color or wealth is not the criteria, you stupid bitch.

TEXT2: @user @user No room for anyone illegal. Color or wealth is not the criteria, you stupid twat.","TEXT1: When a baby won't stop crying so naturally you have to outdo the little shit

TEXT2: Someday a baby won't stop wailed therefore naturally you have to outdo the little fuck","TEXT1: Things we heard on primetime last night: ‚ÄúThe growth rate of Muslims in Assam from 1971 to 1991 is 77 per cent, that is not an indigenous population. A large part of that 77 per cent are Bangladeshis‚Ä¶.Bangladeshi go home."" #NRCAssam

TEXT2: Things we heard on primetime last night: ‚ÄúThe growth rate of Muslims in Assam from 1971 to 1991 is 77 per cent, that is not an indigenous population. A large part of that 77 per cent are Bangladeshis‚Ä¶.Bangladeshi goes home."" #NRCAssam"
13/09/2022 16:24:13,Disagree,Agree,Strongly Agree,Disagree,Strongly Agree,Agree,Agree,Disagree,Agree,Agree,Disagree,Disagree,Agree,Strongly Agree,Agree,Agree,Agree,Strongly Agree,Strongly Agree,Disagree,Strongly Agree,Disagree,Disagree,Disagree,Agree,Agree,Strongly Disagree,Strongly Agree,Agree,Strongly Agree,Strongly Agree,Disagree,Disagree,Agree,Disagree,Strongly Agree,Disagree,Agree,Strongly Agree,Strongly Agree,Strongly Agree,Disagree,Strongly Agree,Strongly Agree,Agree,Strongly Agree,Disagree,Disagree,Disagree,Strongly Disagree,Agree,Strongly Agree,Disagree,Disagree,Strongly Agree,Agree,Disagree,Disagree,Strongly Agree,Disagree,Strongly Disagree,Disagree,Agree,Disagree,Strongly Disagree,Strongly Agree,Disagree,Strongly Agree,Disagree,Disagree,Strongly Agree,Strongly Disagree,Strongly Agree,Strongly Agree,Disagree,Strongly Agree,Agree,Agree,Strongly Agree,Strongly Agree,Strongly Agree,Strongly Agree,Disagree,Disagree,Disagree,Strongly Disagree,Agree,Disagree,Agree,Agree,Disagree,Strongly Disagree,Disagree,Disagree,Strongly Agree,Disagree,Agree,Strongly Agree,Disagree,Strongly Agree
14/09/2022 17:56:04,Strongly Disagree,Disagree,Agree,Strongly Disagree,Disagree,Disagree,Agree,Disagree,Disagree,Disagree,Agree,Agree,Agree,Agree,Disagree,Agree,Disagree,Agree,Agree,Agree,Agree,Disagree,Strongly Disagree,Disagree,Strongly Disagree,Agree,Disagree,Agree,Strongly Disagree,Agree,Agree,Disagree,Disagree,Agree,Disagree,Strongly Agree,Disagree,Agree,Agree,Agree,Agree,Disagree,Agree,Strongly Disagree,Agree,Strongly Agree,Disagree,Strongly Disagree,Disagree,Disagree,Agree,Agree,Disagree,Agree,Agree,Disagree,Agree,Disagree,Disagree,Disagree,Disagree,Disagree,Agree,Disagree,Disagree,Strongly Disagree,Strongly Disagree,Disagree,Strongly Disagree,Strongly Disagree,Disagree,Strongly Disagree,Disagree,Strongly Agree,Strongly Disagree,Disagree,Disagree,Agree,Strongly Agree,Strongly Agree,Strongly Agree,Agree,Strongly Disagree,Disagree,Disagree,Strongly Disagree,Agree,Disagree,Disagree,Agree,Strongly Disagree,Disagree,Disagree,Agree,Disagree,Agree,Disagree,Strongly Agree,Agree,Strongly Agree
15/09/2022 10:36:34,Disagree,Agree,Agree,Disagree,Agree,Agree,Agree,Agree,Agree,Agree,Disagree,Agree,Agree,Agree,Agree,Agree,Agree,Disagree,Agree,Disagree,Agree,Disagree,Disagree,Agree,Disagree,Agree,Agree,Agree,Agree,Agree,Agree,Disagree,Disagree,Agree,Agree,Agree,Disagree,Disagree,Agree,Agree,Agree,Disagree,Agree,Disagree,Agree,Agree,Disagree,Disagree,Disagree,Disagree,Agree,Agree,Agree,Agree,Disagree,Agree,Agree,Disagree,Agree,Agree,Agree,Agree,Agree,Disagree,Agree,Disagree,Disagree,Agree,Disagree,Disagree,Agree,Disagree,Agree,Agree,Disagree,Disagree,Agree,Agree,Agree,Agree,Agree,Agree,Agree,Disagree,Agree,Disagree,Agree,Agree,Disagree,Agree,Disagree,Disagree,Disagree,Agree,Agree,Disagree,Disagree,Agree,Agree,Agree
17/09/2022 19:49:40,Strongly Disagree,Strongly Disagree,Strongly Agree,Agree,Strongly Agree,Strongly Agree,Strongly Agree,Strongly Agree,Strongly Agree,Strongly Agree,Strongly Agree,Agree,Strongly Agree,Disagree,Strongly Agree,Strongly Agree,Strongly Agree,Strongly Agree,Agree,Strongly Agree,Strongly Agree,Strongly Agree,Strongly Disagree,Disagree,Agree,Strongly Agree,Disagree,Agree,Agree,Strongly Agree,Strongly Disagree,Disagree,Agree,Strongly Agree,Strongly Agree,Strongly Agree,Strongly Disagree,Disagree,Strongly Agree,Strongly Agree,Strongly Agree,Strongly Disagree,Strongly Agree,Strongly Disagree,Strongly Agree,Strongly Agree,Strongly Disagree,Strongly Disagree,Agree,Disagree,Agree,Strongly Agree,Strongly Disagree,Disagree,Agree,Strongly Agree,Agree,Strongly Agree,Agree,Agree,Agree,Disagree,Agree,Disagree,Agree,Agree,Disagree,Disagree,Strongly Disagree,Strongly Disagree,Agree,Disagree,Agree,Strongly Agree,Disagree,Strongly Agree,Strongly Agree,Strongly Agree,Strongly Agree,Strongly Agree,Strongly Agree,Strongly Agree,Strongly Agree,Agree,Disagree,Agree,Strongly Agree,Disagree,Agree,Strongly Agree,Agree,Strongly Disagree,Agree,Strongly Agree,Strongly Agree,Strongly Agree,Strongly Disagree,Strongly Agree,Strongly Agree,Strongly Agree
18/09/2022 23:28:43,Disagree,Disagree,Agree,Strongly Disagree,Strongly Disagree,Disagree,Agree,Disagree,Disagree,Disagree,Disagree,Disagree,Agree,Agree,Disagree,Strongly Agree,Disagree,Agree,Disagree,Disagree,Strongly Agree,Disagree,Disagree,Disagree,Disagree,Disagree,Disagree,Agree,Disagree,Agree,Strongly Disagree,Strongly Disagree,Disagree,Agree,Disagree,Agree,Disagree,Disagree,Disagree,Agree,Agree,Disagree,Agree,Disagree,Agree,Agree,Strongly Disagree,Strongly Disagree,Disagree,Disagree,Disagree,Agree,Disagree,Disagree,Disagree,Agree,Disagree,Agree,Strongly Agree,Strongly Disagree,Disagree,Disagree,Disagree,Disagree,Disagree,Disagree,Disagree,Agree,Disagree,Strongly Disagree,Agree,Strongly Disagree,Disagree,Strongly Agree,Disagree,Disagree,Agree,Agree,Strongly Agree,Agree,Disagree,Disagree,Disagree,Disagree,Disagree,Disagree,Agree,Disagree,Disagree,Agree,Disagree,Disagree,Disagree,Agree,Agree,Disagree,Disagree,Agree,Agree,Agree