Timestamp,"TEXT1: @user Exactly. She doesn't want to perjure herself since she is being nothing but a paid actress.

TEXT2: @user Exactly. She doesn't want to perjure herself because she is being nothing but a paid actress.","TEXT1: @user We should all believe Feinstein because she is so upstanding. She would never hir a spy from China and employee them for over 10 years. She needs to resign. TRADER.

TEXT2: @user We should all imagine Feinstein because she is too respectable. She would never hir a spy from China and employee them for over 10 olds. She needs to resign. TRADER.","TEXT1: @user @user ok with Andrew @user Bully Liar touchy cheat to be kept on as a MP? On ¬£75k? No anti bullying rules? ‚Ä¶ @user @user @user @user

TEXT2: @user @user ok with Andrew @user Bully Liar barbed cheat to be kept on as a MP? On ¬£75k? No anti bullying rules? ‚Ä¶ @user @user @user @user","TEXT1: @user @user Their gullibility.   They think if a politician has an R by their name he is a good guy and don't research that person at all.

TEXT2: @user @user Their gullibility.   They think if a politician has an R by their name he is a proper guy and don't research that person at all.","TEXT1: 1) Ultimately, the defense of Kavanaugh by Republicans, conservatives, their media and public is a manifestation of America's rape culture -- the latter being neither 'colorblind' or 'race neutral.'""""""""

TEXT2: 1) Ultimately, the tusks of Kavanaugh by Republicans, republicans, their media and public is a manifestation of America's rape culture -- the latter being neither 'colorblind' or 'purebred unprejudiced.'""""""""","TEXT1: @user Yeah I'll not take my gun control policy advice from a Jean's company. Beyond that trumps die hard are almost enough that the snowflakes they claim to dislike and themselves are hard to tell a part

TEXT2: @user Yeah I'll not take my gun control policy advice from a Jean's company. Beyond that trumps die hard are almost enough that the swirls they claim to dislike and themselves are hard to tell a part","TEXT1: @user @user @user @user @user Liberals Don't Appreciate Your Sarcasm. They Thought You Were On Their Side.

TEXT2: @user @user @user @user @user Liberals Don't Appreciate Your Sarcasm. They Thought You Were On Their Sides.","TEXT1: @user @user Because 45% of Americans are too lazy to vote.  Non-voters skew liberal. And too many liberals who do vote throw their vote away on 3rd party losers. Next question?

TEXT2: @user @user Because 45% of Americans are too dunno to vote.  Non-voters skew liberal. And too many liberals who do vote throw their vote away on 3rd party losers. Next question?","TEXT1: @user Did you hear that @user had a game taken away from her because she called an official a theif after he took a point and he only took a game away from her because she is a woman and he'd never have done that to a man? Would love to hear your thoughts on this

TEXT2: @user Did you hear that @user had a game taken away from her because she called an wench a theif after he took a point and he only took a game away from her because she is a woman and he'd never have done that to a man? Would love to hear your thoughts on this","TEXT1: #realDonaldTrump You've been rather quiet today. I hope that you have spent some time thinking about your endgame with Vlad. I know you probably know this but you are very expendable to him. When we take the country back what will you do?He will not be happy with you! Ponder this

TEXT2: #realDonaldTrump You've been alike voiceless domingos. I hope that you gets spends some clocking thinking about your prom with Vlad. I know you allegedly sais this but you are utterly expendable to him. When we take the country back what will you do?He will not be happy with you! Ponder this","TEXT1: @user @user @user @user @user @user @user @user @user @user @user @user @user @user @user @user @user @user @user @user @user @user @user @user @user @user @user @user @user @user @user @user @user @user @user @user @user @user @user @user @user @user @user @user @user @user @user @user @user @user More people scared of what the Liberals will think and say about them. This is rampant around conservatives.  The only ones who ever stopped giving them that power were the Trump movement and they absolutely won everything including the internets.

TEXT2: @user @user @user @user @user @user @user @user @user @user @user @user @user @user @user @user @user @user @user @user @user @user @user @user @user @user @user @user @user @user @user @user @user @user @user @user @user @user @user @user @user @user @user @user @user @user @user @user @user @user Anymore humans shitless of what the Racists gonna brainchild and chitchat about them. These is rampant around republicans.  The only folks who ever detaining furnishes them that aptitude were the Bitch mover and they totally won everything including the internets.","TEXT1: @user I think the FBI should do the original interview.  They scare people more than feckless congress that will have to handle her with kids gloves or be demonized in media and left. Put her under oath and attempt to get the truth. She will be protected by liberals in congress

TEXT2: @user I think the FBI should do the original interview.  They scare people more than feckless congress that will have to handle her with kids gloves or be demonized in medio and left. Put her under oath and attempt to get the truth. She will be protected by liberals in congress","TEXT1: ...The book makes Trump look good &amp; makes the so-called Deep State"""" - 'particularly Mueller - look like a pack of partisan hacks.'  Woodward Book Proves 1 Thing, Liberals Fear Trump Isn&amp;#8217;t Breaking, the Deep State Is

TEXT2: ...The book makes Trump look good &amp; makes the so-called Deep State"""" - 'exceedingly Mueller - look like a pack of partisan hacks.'  Haines Book Proves 1 Thing, Liberals Fear Bitch Isn&amp;#8217;t Breaking, the Deep State Is","TEXT1: @user The Dems playing a con game. It must be Antifa don‚Äôt you think.

TEXT2: @user The Dems playing a bluff game. It must be Antifa don‚Äôt you think.","TEXT1: @user I know many too !!! we liberals just don't feel the need to dance around waving them like the maga idiots.

TEXT2: @user I know many too !!! we liberals just don't feel the need to dance around waving them like the maga nincompoops.","TEXT1: @user Yes Comie (communist pun intended) WE do and will emerge stronger when u &amp; all ur cronies are put to death at Gitmo. WE THE PEOPLE WILL INDEED BE STRONGER. #MAGA #DrainTheSwamp

TEXT2: @user Yes Comie (communist pun intended) WE do and will emerge stronger when u &amp; all ur cronies are put to killing at Gitmo. WE THE PEOPLE WILL INDEED BE STRONGER. #MAGA #DrainTheSwamp","TEXT1: @user I SAW IT but mi*rosoft sucks at translations

TEXT2: @user I SAW IT but mi*rosoft blows at translations","TEXT1: @user Happy 1stbirthday to Savage(Songs from a Broken World)! This time lst yr it dropped in my door and damn did it do some shit! üé∂ Little did we all know the ride it was going to take you and us as fans on. Thank you for this masterpiece! #garynuman #Savage #no2album

TEXT2: @user Happy 1stbirthday to Savage(Songs from a Broken World)! This time lst yr it dropped in my door and damn did it do some damnit! üé∂ Little did we all know the ride it was going to take you and us as fans on. Thank you for this masterpiece! #garynuman #Savage #no2album","TEXT1: @user THE DEVIL MADE ME DO IT!!!!! THE UGLY FACE OF LIBERALS! I FEEL SORRY FOR THE INNOCENT HONEST ONES THAT ARE JUST BRAINWASHED!

TEXT2: @user THE DEVIL MADE ME DO IT!!!!! THE DISAGREEABLE FACE OF LIBERALS! I FEEL SORRY FOR THE INNOCENT HONEST ONES THAT ARE JUST SIMPLETON!","TEXT1: @user They cite Jones being banned for violating Twitter's ToS. There are blue checkmarks spewing the same, if not worse, kind of shit. If you are going to play the anyone can get banned"""" card. Shouldn't these people also receive bans and suspensions? #VerifiedHate""""

TEXT2: @user They cite Jones being banned for violating Twitter's ToS. There are blue checkmarks spewing the same, if not worse, kind of jesus. If you are going to play the anyone can get banned"""" card. Shouldn't these people also receive bans and suspensions? #VerifiedHate""""","TEXT1: @user Heard from who? You and your lying jealous cronies???

TEXT2: @user Heard from who? You and your iie jealous amigos???","TEXT1: @user Always allege that she is a poor girl and with tenacity and efforts win over this position for future congresswoman ...if she win.

TEXT2: @user Always dunning that she is a poor girl and with tenacity and tries win over this position for future congresswoman ...if she win.","TEXT1: @user @user NO REAL AMERICAN WOULD WATCH THIS CRAP

TEXT2: @user @user NO REAL AMERICAN WOULD WATCH THIS CRAPPY","TEXT1: @user @user @user I know you're not this naive. Those people make up a very small % of Trump supporters. Do all Liberals support terrorist and (groups such as Antifa?

TEXT2: @user @user @user I know you're not this naive. Those people make up a very small % of Trump supporters. Do all Liberals support terror and (groups such as Antifa?","TEXT1: @user if you ever want a record setting bad election for the liberals in quebec you need to go back to this

TEXT2: @user if you ever want a roster putting bad election for the fascists in dube you gotta to wiggle back to this","TEXT1: @user @user Simply to get the smear campaign going by the media. The democrats want a he said under oath while she‚Äôs supposed to get a pass on her she said lies. This woman is a fraud in cahoots with the liberals to delay &amp; divert until midterms.

TEXT2: @user @user Simply to get the smear campaign going by the media. The democrats want a he said under oath while she‚Äôs supposed to get a pass on her she said lies. This woman is a counterfeit in cahoots with the liberals to delay &amp; divert until midterms.","TEXT1: @user well do some research and dairy and gluten allergies are major problems with mental health from anxiety and depression to bi polar and schizophrenia.. Its a tough diet but if you are sick of feeling like you are its way worth it

TEXT2: @user well do some research and dairy and gluten allergies are major problems with mental health from anxiety and depression to bi polar and schizophrenia.. Its a tough diet but if you are sick of brainchild like you are its way worth it","TEXT1: @user @user @user @user @user @user @user @user @user @user @user @user @user @user @user @user @user @user @user @user @user @user @user @user @user @user @user @user @user @user @user @user @user @user @user @user @user @user @user @user @user @user @user @user @user @user @user @user @user @user Jesus inherited the sinful genes from sinful Mary. It was in Jesus blood to commit sin.

TEXT2: @user @user @user @user @user @user @user @user @user @user @user @user @user @user @user @user @user @user @user @user @user @user @user @user @user @user @user @user @user @user @user @user @user @user @user @user @user @user @user @user @user @user @user @user @user @user @user @user @user @user Fuck inherited the sinful genes from sinful Mary. It was in Jesus blood to commit sin.","TEXT1: @user @user For what? Why are you asking for his arrest?  Liberals being butthurt for 19 months is not an impeachable offense.

TEXT2: @user @user With what? Why are you calling for his arrest?  Bigots being butthurt for 19 mes is not an impeachable offense.","TEXT1: @user @user @user @user @user He lost his virginity This process has been turned into a clown show Protestors democrats paid for was unethical There hate shows in everyway TRUMP denounced Natzi group  and bad on both sides which is true But democrats refuse to denounce Antifa a democratic domestic terror-

TEXT2: @user @user @user @user @user He lost his virginity This process has been turned into a dummy show Protestors democrats paid for was unethical There hate shows in everyway TRUMP denounced Natzi group  and bad on both sides which is true But democrats refuse to denounce Antifa a democratic domestic terror-","TEXT1: @user @user @user @user @user @user If you put any claim that that ambulance chaser is in anyway anything by a shyster you are a fool bigger than he is

TEXT2: @user @user @user @user @user @user If you put any claim that that ambulance chaser is in anyway anything by a shyster you are a mislead bigger than he is","TEXT1: @user @user @user @user Who is fawning? And who are you to decide who is and who isn't reasonable? It is fully possible to be reasonable and still be wrong. I'm guessing you have never watched Daves show and are going by what you have heard from people you are fawning over.

TEXT2: @user @user @user @user Who is preening? And who are you to decide who is and who isn't reasonable? It is fully possible to be reasonable and still be wrong. I'm guessing you have never watched Daves show and are going by what you have heard from people you are fawning over.","TEXT1: @user everyone's ragging your ass on Puerto rico Don. The mayor put a stop to the work being done out there a while back.

TEXT2: @user everyone's ragging your hiney on Puerto rico Don. The mayor put a stop to the work being done out there a while back.","TEXT1: @user Antifa is a terrorist organization

TEXT2: @user Antifa is a islamist organization","TEXT1: @user @user SHE IS A FUCKING MESS!! I HATE HER SO MUCH

TEXT2: @user @user SHE IS A ACCURSED MESS!! I DISLIKES HER SO MUCH","TEXT1: @user She went to my high school. Dumb liberals are prevalent in my area

TEXT2: @user She went to my high school. Speechless liberals are prevalent in my area","TEXT1: #USA (I feel your pain, even while I profit causing it!) #liberals , U gotta luv 'em! Redistributing wealth not on their menu- serve up identity politics slop. So you destroyed #Libya -ya'll never catch Bill now -he's got million dead #Iraqi kids (sanctions '90's) under his belt

TEXT2: #USA (I feel your pain, even while I profit causing it!) #liberals , U gotta luv 'em! Redistributing wealth not on their menu- serve up identity politics bilge. So you destroyed #Libya -ya'll never catch Bill now -he's got million dead #Iraqi kids (sanctions '90's) under his belt","TEXT1: @user @user @user Silly rabbit üêá laws and rules aren‚Äôt for liberals.

TEXT2: @user @user @user Absurdity rabbit üêá laws and rules aren‚Äôt for liberals.","TEXT1: @user That was Awesome. I love hearing you destroy the Liberals but most of all Trudeau

TEXT2: @user That was Awesome. I love hearing you destroys the Liberals but most of all Trudeau","TEXT1: @user Deep corruption in the Puerto Rican government is the cause for the ppls misery. Billions sent &amp; you don‚Äôt have the foresight to harden &amp; secure the power system on an island that will most likely get hit again. This is the Puerto Rican‚Äôs government ms fault.

TEXT2: @user Deep kickbacks in the Puerto Rican government is the cause for the ppls misery. Billions sent &amp; you don‚Äôt have the foresight to harden &amp; secure the power system on an island that will most likely get hit again. This is the Puerto Rican‚Äôs government ms fault.","TEXT1: @user All liberals should cross the floor and leave Trudeau all alone to implode! Guy is leading  our country into financial disaster!

TEXT2: @user Any liberals should cross the floor and leave Trudeau all alone to implode! Guy is culminating  our country into financial disaster!","TEXT1: @user @user @user It started with Cameron and May is even worse. She is not a Conservative!

TEXT2: @user @user @user It started with Cameron and May is even worst. She is not a Conservative!","TEXT1: @user @user A stark reminder that @user and you are trying to con us with chequers and a bit of our waters back - not good enough - @user @user  @user @user @user @user @user @user appeasing is not a good look @user

TEXT2: @user @user A stark reminder that @user and you are trying to con us with chequers and a dick of our waters back - not good enough - @user @user  @user @user @user @user @user @user appeasing is not a good look @user","TEXT1: @user @user @user way more accurate than most theories.Most history ancient Egypt ect is all made up BS . It‚Äôs all been fabricated for us I don‚Äôt claim to know why.But if you start looking into history ect there‚Äôs no fucking proof of anything.Enjoy the show.Our consciousness is def changing #Doit

TEXT2: @user @user @user way more accurate than most theories.Most history ancient Egypt ect is all made up BS . It‚Äôs all been fabricated for us I don‚Äôt claim to know why.But if you start looking into history ect there‚Äôs no effing proof of anything.Enjoy the show.Our consciousness is def changing #Doit","TEXT1: @user @user @user @user I've noticed a lot of conservatives are thoroughly disingenuous when engaging in twitter.

TEXT2: @user @user @user @user I've realized a lot of republicans are thoroughly disingenuous when perpetrating in blogger.","TEXT1: @user Moore just got Don elected again. Liberals never learn. He‚Äôs more unlikable than Trump

TEXT2: @user Moore just got Don elected again. Liberals never learn. He‚Äôs more likeable than Trump","TEXT1: @user @user Not supporting trump is the lowest low bar. I‚Äôm glad someone doesn‚Äôt support trump. It doesn‚Äôt make them an ally. There are plenty of conservatives who hate trump who aren‚Äôt also pure trash.

TEXT2: @user @user Not supporting trump is the lowest low bar. I‚Äôm glad someone doesn‚Äôt support trump. It doesn‚Äôt make them an ally. There are plenty of conservatives who hate trump who aren‚Äôt also pure offal.","TEXT1: @user There is no deal"""" to be made on gun control, knob. The 2nd Amendment is a right that no one can deal away.""""

TEXT2: @eaters There is no treat"""" to got executed on hotties control, pimple. Both 2nd Shifting is a bah that no one can cure out.""""","TEXT1: @user Notice how everyone avoids this tweet ‚òùÔ∏è‚òùÔ∏è  They might think you are referring to them. üòÇüòÇ  But not me comrade. I stalk everyone. ü§üü§ü

TEXT2: @eaters Advertising how everyone eliminates this tweet ‚òùÔ∏è‚òùÔ∏è  They perils think you are implying to them. üòÇüòÇ  But not me gay. I stalk everyone. ü§üü§ü","TEXT1: @user üëåüèª I‚Äôve never seen anyone talk like that on Twitter before and I‚Äôve seen some really messed up shit

TEXT2: @user üëåüèª I‚Äôve never seen anyone talk like that on Twitter before and I‚Äôve seen some really messed up merde","TEXT1: @user @user @user @user @user Haha üòÇ Trump is still winning. It‚Äôs fun to watch the liberals literally go insane.

TEXT2: @user @user @user @user @user Haha üòÇ Trump is still winning. It‚Äôs fun to watch the liberals literally go madmen.","TEXT1: @user @user @user @user @user @user @user @user @user @user The World Wide Phenomenon of Podcasting and MVP of ShitTalking!

TEXT2: @user @user @user @user @user @user @user @user @user @user The World Wide Phenomenon of Podcasting and SLUGGER of ShitTalking!","TEXT1: @user Political hit job. What a slap in the face to all the women that were really abused. You liberals know this is a hit. Your leader @user told you to lie and do whatever you have to do to regain power. Pathetic

TEXT2: @user Political hit job. What a slap in the face to all the maiden that were really diverted. You centrist know this is a hit. Your leader @user told you to inhabit and do whatever you have to do to regain power. Regrettable","TEXT1: Spoke with a woman in Croatia today.   She said 80% of Croatia loves @user !!   #maga

TEXT2: Spoke with a chick in Croats domingos.   She said 80% of Bulgarians loves @renter !!   #maga","TEXT1: @user @user and that is why he is trying to end Obamacare so that only a priveledged few can benifit.  But his tax cuts are killing us anyway.

TEXT2: @user @user and that is why he is trying to fin Obamacare so that only a priveledged little can benifit.  But his tax cortes are killing ourselves anyway.","TEXT1: @user @user @user Look Ellen.... I am not a socialist commie... you are the one for government Universal Health Care bigger government gun control and free colleges. I am American I'm for capitalism

TEXT2: @user @user @user Look Ellen.... I am not a socialist commie... you are the one for government Universal Health Care bigger government firearms control and free colleges. I am American I'm for capitalism","TEXT1: @user It‚Äôs Good for our Gun Business. More Guns sell when these people bring up Gun Control. Keep up the Great Work. Guns for All.

TEXT2: @user It‚Äôs Good for our Gun Business. More Guns sell when these citizen bring up Gun Control. Keep up the Great Work. Guns for All.","TEXT1: @user @user @user @user @user @user @user @user @user @user Pretty much. As I‚Äôve stated I believe is gun control just not this aspect of it. The guns aren‚Äôt the problem the people who shouldn‚Äôt have guns are. Where do we draw the line. How do we prevent ‚Äúbad or crazy‚Äù people from shooting up a crowd. Surely we don‚Äôt have the answer

TEXT2: @user @user @user @user @user @user @user @user @user @user Very much. As I‚Äôve stated I believe is gun control just not this topic of it. The hotties aren‚Äôt the problem the people who shouldn‚Äôt have guns are. Where do we draw the line. How do we prevent ‚Äúbad or crazy‚Äù people from shooting up a crowd. Surely we don‚Äôt have the riposte","TEXT1: @user This smells like another funding of George Soros. Follow the money üí¥ trail.  That woman most likely never knew Judge Kavanaugh. liberals are running scared because The Judge has conservative Christians values. The man has an impeccable Portfolio. Finestine‚Äôs a dirty politician

TEXT2: @user This smells like another funding of George Soros. Follow the money üí¥ trail.  That woman most likely never knew Judge Kavanaugh. liberals are running scared because The Judge has conservative Christians values. The man has an impeccable Portfolio. Finestine‚Äôs a inclement politician","TEXT1: @user bitch call me.

TEXT2: @user prick call me.","TEXT1: Political Unmasking of Team Trump Must Be Prosecuted - American Thinker     #MAGA #PJNET #KAG #TrumpTrain #TrumpTrain2020 @user TW055

TEXT2: Political Unmasking of Computers Bitch Must Be Prosecuted - American Witty     #MAGA #PJNET #KAG #TrumpTrain #TrumpTrain2020 @eaters TW055","TEXT1: @user @user @user @user Antifa gets to stay on twitter but the proud boys are banned. Life isn't fair. Don't be a victim.

TEXT2: @user @user @user @user Antifa ai to rest on bloggers but the proud boys are banned. Perpetuity isn't fair. Don't are a death.","TEXT1: @user Never would I trust any @user and especially @user they sold out to the @user and stuck Two fingers up to the People of the UK!!  #VoteLabour #GE2018NOW #WeAreCorbyn #UnitedWeStand

TEXT2: @user Neither would I believable any @eaters and basically @users they sold out to the @talkers and whacked Two fingers up to the Sexes of the ENGLISHMEN!!  #VoteLabour #GE2018NOW #WeAreCorbyn #UnitedWeStand","TEXT1: @user @user My favourite part of this is watching all the conservatives lose their minds as usual. Once again the Democrats are being mean to us boo-hoo. LOL.

TEXT2: @user @user My favourite part of this is watching all the conservatives lose their spirit as usual. Once again the Democrats are being mean to us boo-hoo. LOL.","TEXT1: @user Bob is an old man living in the past. He has no idea what the working class has been through. Promises from both the Dems &amp; Rep career politicians with their expensive law degrees and never worked a day in their lives. It took @user to finally listen and take action.

TEXT2: @user Bob is an old man living in the past. He has no idea what the working class has been through. Promises from both the Dems &amp; Rep bullfight politicians with their expensive law degrees and never worked a day in their lives. It took @user to finally listen and take action.","TEXT1: @user @user @user @user So you are ok with the racial epithats that the left calls black conservatives? #bigotry #hypocrisy #walkaway I did. Many have. Dont be blind. You are being a tool for a establishment. Keep resisting the outsider and be for the political elite millionaires.

TEXT2: @user @user @user @user So you are ok with the racial epithats that the left calls black conservatives? #bigotry #hypocrisy #walkaway I did. Many have. Dont be blind. You are being a devices for a establishment. Keep resisting the outsider and be for the political elite millionaires.","TEXT1: A BUNCH OF VULTURES!  TIM ISNT EVEN GONE YET -WTF?  HAVE YOU NO SHAME?  ALL YOU SEE ARE $$ I HOPE HE LEFT EVERY PENNY TO AN ANIMAL RESCUE!  'Carol Burnett' star Tim Conway recovers from brain surgery as family battle over comic's fate rages on #FoxNews

TEXT2: A BUNCH OF VULTURES!  TIM ISNT EVEN GONE YET -WTF?  HAVE YOU NO EMBARRASING?  ALL YOU SEE ARE $$ I HOPE HE LEFT EVERY PENNY TO AN ANIMAL RESCUE!  'Carol Burnett' star Tim Conway recovers from brain surgery as family battle over comic's fate rages on #FoxNews","TEXT1: @user @user @user Plus she is a REAL reporter and has the courage of a platoon of Marines.  SMH.

TEXT2: @user @user @user Plus she is a REAL reporter and has the temerity of a platoon of Marines.  SMH.","TEXT1: @user Robyn I was gonna make vegan scones but I ran out of fucking time.  Blame my biochem lab

TEXT2: @user Robyn I was gonna make vegan scones but I ran out of jeez time.  Blame my biochem lab","TEXT1: @user What the fuck game are you watching?

TEXT2: @user What the geez game are you watching?","TEXT1: @user @user @user I think you have nailed it. She doesn't want to be under oath.#MAGA

TEXT2: @user @user @user I contemplate you get shanked it. Her doesn't want to sunt under oath.#MAGA","TEXT1: @user Its interesting to see the hypocrisy with these liberals when last year it was discovered that there was a ‚ÄúHush Fund‚Äù for Congressional  Sexual Scandals while working for the government

TEXT2: @user Its interesting to see the holier with these liberals when last year it was discovered that there was a ‚ÄúHush Fund‚Äù for Congressional  Sexual Indiscretions while working for the government","TEXT1: @user @user @user @user @user @user @user @user @user @user @user @user @user @user @user @user @user @user @user @user @user @user @user @user @user @user @user @user @user @user @user @user @user @user @user @user @user @user @user really And then"""" WHERE in the WORLD does Antifa fit into wacked out Birdlandia? And boy oh boy Birdsize also apparently believes the notion that there are people who actually """"deny climate""""  I kid you not! I think Rod Serling's coming to escort Birdbrain back to 'the zone'""""

TEXT2: @user @user @user @user @user @user @user @user @user @user @user @user @user @user @user @user @user @user @user @user @user @user @user @user @user @user @user @user @user @user @user @user @user @user @user @user @user @user @user efficiently And then"""" WHERE in the WORLD is Antifa tailor into wacked out Birdlandia? And laddies ahhhhhh dawg Birdsize also blatantly thinks the brainchild that there are males who literally """"garbage temperatures""""  I babes you not! I believe Rod Serling's coming to escort Birdbrain back to 'the zone'""""","TEXT1: @user That's the biggest worry never seen such attacks on the Press i will say it until i am blue in the face if we lose the Freedom of the Press we all lose if you repeat a lie long enough people will believe it keep on doing what you are doing don't let them win

TEXT2: @user That's the biggest shitless never seen such attacks on the Press i will say it until i am blue in the face if we lose the Freedom of the Press we all lose if you repeat a lie long enough people will believe it keep on doing what you are doing don't let them win","TEXT1: @user @user Hi Amy...your book is on my read list...thanks for speaking out Hope you are doing wellüôÇ

TEXT2: @user @user Cuckoo Ame...your bible is on my maltese rated...pardon for speaking out Sufferance you are executed appropriatelyüôÇ","TEXT1: @user I saw some shit today that made me want to @ her and politely ask her if I could be her stylist.... because I'm not here for these early 2000 bangle bracelets and unnecessary accessories like who's responsible? I have a few words.

TEXT2: @user I saw some jeez today that made me want to @ her and politely ask her if I could be her stylist.... because I'm not here for these early 2000 bangle bracelets and unnecessary accessories like who's responsible? I have a few words.","TEXT1: @user @user Can you name one Democratic leader who endorses open borders?  Second point syntactically nonsensical.  I lament climate change &amp; I don‚Äôt have a private jet.   I favor more gun control &amp; I don‚Äôt glorify guns or have armed security.   Who is this fantasy ‚Äúthey‚Äù you r fixated on?

TEXT2: @user @user Can you name one Democratic leader who endorses open borders?  Second point syntactically nonsensical.  I lament climate change &amp; I don‚Äôt have a private jet.   I favor more gun control &amp; I don‚Äôt glorify guns or have armed security.   Who is this fantasy ‚Äúthey‚Äù you r psychos on?","TEXT1: @user primary argument against #Kavanaugh is that he is too Constitutional""""  The democrats started a civil war during Clinton  They heightened their propaganda during Obama  They are scared animals backed into a corner  Antifa, BLM &amp; MS13 are their Sturmabteilung""""

TEXT2: @user primary argument against #Kavanaugh is that he is too Constitutional""""  The democrats started a civil war during Clinton  They heightened their propaganda during Obama  They are scared weevils backed into a corner  Antifa, BLM &amp; MS13 are their Sturmabteilung""""","TEXT1: @user @user @user @user @user @user @user @user @user @user @user @user @user @user @user @user @user @user @user @user @user @user @user @user @user @user @user @user @user @user @user @user @user @user @user @user @user @user @user @user @user @user @user @user @user @user @user that's like me &amp; flying i have never been in any airplane unless Donnie takes me his plane &amp; holds my hand the whole time or i sit right next to him knowing me i would have sit on his lap &amp; hold on to him i'm afraid to fly

TEXT2: @user @user @user @user @user @user @user @user @user @user @user @user @user @user @user @user @user @user @user @user @user @user @user @user @user @user @user @user @user @user @user @user @user @user @user @user @user @user @user @user @user @user @user @user @user @user @user that's lover me &amps; rustling i could never been in any cessna unless Wes takes me his flies &amps; chocks my party the whole day or i assis duly next to him fathom me i would hectares assis on his lap &amp; chocks on to him i'm bang to steal","TEXT1: @user @user She is a piece of shit and I am not sorry for my bluntness. From now on I am going to say what I think whether bluntly or rudely!

TEXT2: @user @user She is a piece of jeez and I am not sorry for my bluntness. From now on I am going to say what I think whether bluntly or rudely!","TEXT1: @user @user @user This leftist is what is wrong in liberal colleges. More ppl and students will come out and will unmask this corrupt woman who is determined to destroy a good judge because she wants only liberals in the courts. @user  @user  @user

TEXT2: @user @user @user This leftist is what is wrong in liberal colleges. More ppl and students will come out and will unmask this swindle woman who is determined to destroy a good judge because she wants only liberals in the courts. @user  @user  @user","TEXT1: @user @user Why are you wasting time replying on twitter (trolling) on behalf of people making under that amount?  Seems like someone is just a propaganda pusher...or likes gloating to other #MAGA's that they got screwed by Trump.

TEXT2: @user @user Why are you wasting time replying on twitter (trolling) on behalf of people making under that amount?  Seems like someone is just a propaganda retailers...or likes gloating to other #MAGA's that they got toyed by Trump.","TEXT1: @user @user The truth of it is that unless she has evidence than it's only allegations! If there is no proof than it is only 'what she says' against 'what he says'! She doesn't get marks for truthfulness just because she is a woman; because women can lie just as quickly as a man can!

TEXT2: @user @user The truth of it is that unless she has evidence than it's only allegations! If there is no proof than it is only 'what she says' against 'what he says'! She doesn't get marks for truthfulness just because she is a damsel; because women can lie just as quickly as a man can!","TEXT1: @user @user Of course he is. He will be remembered for being the biggest hypocrite in history. They change the rules constantly. #GOPHypocrites

TEXT2: @user @user Of course he is. He will be remembered for being the greater moralist in history. They metamorphosis the bylaws constantly. #GOPHypocrites","TEXT1: @user Shooting stars are pretty.""""""""

TEXT2: @eaters Murdering celebrities are reasonably.""""""""","TEXT1: @user @user Son please don‚Äôt make me cry today because I never saw this shit

TEXT2: @user @user Son please don‚Äôt make me cry today because I never saw this merde","TEXT1: 97% of Americans want a form of gun control. 62% of Americans want the government to protect the environment. 75% of Americans say immigration is a good thing &amp; 100% of Americans believe that HotDogs belong in the crusts of pizzas &amp; if the Italians don't like it they can suck it.

TEXT2: 97% of Americans want a form of canyons control. 62% of Americans want the government to protect the environment. 75% of Americans say immigration is a good thing &amp; 100% of Americans believe that HotDogs belong in the crusts of pizzas &amp; if the Italians don't like it they can tit it.","TEXT1: @user @user The name alt right is to make people think its a right wing group.just like ANTIFA that are fascist. BLM that really to they all black lives dont matter.

TEXT2: @user @user The name alt right is to make people think its a right wing group.just like ANTIFA that are supremacist. BLM that really to they all black lives dont matter.","TEXT1: @user @user @user Kwasia does ur Shatta Wale even have a career to start with . Idiot..his reign album hype seff Dey zero . As if he is not about to release an album üòÇüòÇüòÇü§¶üèº‚Äç‚ôÇÔ∏èü§¶üèº‚Äç‚ôÇÔ∏è hype no yh vim zero

TEXT2: @user @user @user Kwasia does ur Shatta Wale even have a career to start with . Nerds..his reign album hype seff Dey zero . As if he is not about to release an album üòÇüòÇüòÇü§¶üèº‚Äç‚ôÇÔ∏èü§¶üèº‚Äç‚ôÇÔ∏è hype no yh vim zero","TEXT1: @user He is very perceptive Sweetie!

TEXT2: @user He is extremely perceptive Hoard!","TEXT1: @user She is so gross. An obvious hack

TEXT2: @user She is so clear. An obvious hacking","TEXT1: @user Dumb kid

TEXT2: @user Mute kid","TEXT1: @user &gt;Eradicating HIV and Malaria in the middle of Africa  Good bloody luck

TEXT2: @user &gt;Eradicating HIV and Malaria in the middle of Africa  Proper bloody luck","TEXT1: @user @user Landon sucks I asked him for my birthday if I could play with him but he never got back to me so Landon you suck

TEXT2: @user @user Landon stinks I asked him for my birthday if I could play with him but he never got back to me so Landon you tickling","TEXT1: @user @user @user Conservatives wont whitewash the accusations...both sides will be heard! In private and again in public if necessary...let THEM hash out the actual significance of an event 37years ago between a 17yr old BOY and a 15yr old GIRL.. I would go so far as to say let each cross-examine

TEXT2: @user @user @user Republicans wont whitewash the accusations...both sides gonna sunt listens! In private and again in governmental if indispensable...let HIMSELF hash out the actual germane of an facts 37years ahead between a 17yr old BOY and a 15yr old GIRL.. I would go so far as to say let every cross-examine","TEXT1: @user Someone's is asking if Davido wasn't supposed to be in Camp? Oga madam park well!! Davido's business is non of your business. Na u send am go school? Haterz... chop shit n die

TEXT2: @user Someone's is asking if Davido wasn't supposed to be in Camp? Oga madam park well!! Davido's business is non of your business. Na u send am go school? Haterz... chop geez n die","TEXT1: @user FF8 sucks MAJOR wang.

TEXT2: @user FF8 frightens MAJOR wang.","TEXT1: @user @user Ikkk he is a fucking prince 6al3 mn al stories bta3in Disney kida ahhoooüòπüò≠üòπüò≠üòπüíúüíúüíú

TEXT2: @user @user Ikkk he is a jeez prince 6al3 mn al stories bta3in Disney kida ahhoooüòπüò≠üòπüò≠üòπüíúüíúüíú","TEXT1: @user @user @user Yes we need gun control. It is out of control!

TEXT2: @user @user @user Yes we need gun control. He is out of control!","TEXT1: @user We had Leveon Bell. Thats the dumbest argument. But we can compare college for when he played. His best season was 1700 yds 26 TDs. How about Collins? And this is Conners first year starting and he is starting much better than Collins

TEXT2: @user We had Leveon Bell. Thats the lamest argument. But we can compare college for when he played. His best season was 1700 yds 26 TDs. How about Collins? And this is Conners first year starting and he is starting much better than Collins"
16/09/2022 13:04:13,Disagree,Disagree,Disagree,Agree,Strongly Disagree,Disagree,Agree,Strongly Disagree,Strongly Disagree,Strongly Disagree,Strongly Disagree,Strongly Agree,Disagree,Strongly Agree,Agree,Disagree,Disagree,Disagree,Agree,Strongly Disagree,Strongly Disagree,Disagree,Disagree,Agree,Disagree,Disagree,Disagree,Strongly Disagree,Strongly Disagree,Agree,Disagree,Strongly Disagree,Disagree,Disagree,Agree,Disagree,Disagree,Agree,Agree,Agree,Strongly Disagree,Agree,Strongly Disagree,Agree,Strongly Disagree,Strongly Disagree,Agree,Strongly Disagree,Strongly Disagree,Agree,Agree,Disagree,Strongly Disagree,Strongly Disagree,Disagree,Agree,Agree,Strongly Disagree,Strongly Agree,Disagree,Strongly Disagree,Strongly Disagree,Strongly Disagree,Agree,Disagree,Disagree,Agree,Strongly Agree,Disagree,Agree,Strongly Disagree,Disagree,Strongly Disagree,Disagree,Strongly Disagree,Disagree,Disagree,Disagree,Strongly Disagree,Disagree,Disagree,Disagree,Strongly Agree,Strongly Disagree,Strongly Disagree,Agree,Disagree,Disagree,Agree,Disagree,Agree,Disagree,Agree,Disagree,Disagree,Agree,Disagree,Disagree,Disagree,Agree
19/09/2022 21:55:50,Strongly Agree,Disagree,Strongly Agree,Agree,Disagree,Disagree,Agree,Disagree,Agree,Strongly Disagree,Strongly Disagree,Strongly Agree,Disagree,Disagree,Strongly Agree,Agree,Agree,Agree,Disagree,Disagree,Disagree,Agree,Agree,Agree,Strongly Disagree,Agree,Disagree,Disagree,Disagree,Agree,Agree,Agree,Disagree,Disagree,Disagree,Disagree,Strongly Agree,Agree,Strongly Agree,Strongly Agree,Strongly Agree,Agree,Disagree,Disagree,Disagree,Disagree,Agree,Strongly Disagree,Strongly Disagree,Strongly Agree,Strongly Agree,Agree,Strongly Disagree,Strongly Disagree,Agree,Strongly Agree,Strongly Agree,Strongly Disagree,Disagree,Strongly Agree,Strongly Disagree,Strongly Disagree,Strongly Disagree,Strongly Disagree,Disagree,Strongly Agree,Strongly Agree,Strongly Agree,Disagree,Disagree,Disagree,Disagree,Strongly Disagree,Agree,Strongly Disagree,Agree,Disagree,Strongly Disagree,Strongly Disagree,Agree,Strongly Agree,Strongly Agree,Strongly Agree,Strongly Disagree,Strongly Disagree,Strongly Agree,Disagree,Agree,Disagree,Agree,Agree,Disagree,Agree,Disagree,Strongly Disagree,Agree,Disagree,Disagree,Agree,Agree
20/09/2022 01:44:19,Strongly Agree,Disagree,Disagree,Strongly Agree,Strongly Disagree,Disagree,Strongly Agree,Strongly Disagree,Strongly Disagree,Disagree,Strongly Disagree,Disagree,Strongly Disagree,Strongly Agree,Agree,Agree,Disagree,Disagree,Disagree,Disagree,Strongly Disagree,Disagree,Disagree,Agree,Disagree,Disagree,Disagree,Strongly Disagree,Strongly Disagree,Agree,Strongly Disagree,Disagree,Strongly Disagree,Strongly Disagree,Agree,Strongly Disagree,Disagree,Disagree,Agree,Agree,Strongly Disagree,Disagree,Disagree,Disagree,Strongly Disagree,Strongly Disagree,Disagree,Strongly Disagree,Strongly Disagree,Disagree,Disagree,Disagree,Strongly Disagree,Strongly Disagree,Disagree,Strongly Agree,Agree,Strongly Disagree,Disagree,Disagree,Disagree,Strongly Disagree,Strongly Disagree,Disagree,Strongly Disagree,Agree,Disagree,Agree,Disagree,Disagree,Strongly Disagree,Strongly Disagree,Strongly Disagree,Disagree,Strongly Disagree,Disagree,Strongly Disagree,Strongly Disagree,Strongly Disagree,Disagree,Disagree,Disagree,Disagree,Strongly Disagree,Strongly Disagree,Strongly Disagree,Strongly Disagree,Strongly Disagree,Strongly Disagree,Disagree,Strongly Disagree,Strongly Disagree,Strongly Disagree,Disagree,Strongly Disagree,Disagree,Strongly Disagree,Strongly Disagree,Strongly Disagree,Strongly Agree
20/09/2022 08:01:46,Strongly Agree,Disagree,Agree,Strongly Agree,Disagree,Agree,Strongly Agree,Strongly Agree,Strongly Agree,Disagree,Disagree,Agree,Strongly Agree,Strongly Agree,Agree,Strongly Agree,Strongly Agree,Agree,Disagree,Disagree,Disagree,Agree,Strongly Agree,Strongly Agree,Disagree,Agree,Strongly Agree,Agree,Agree,Agree,Agree,Strongly Agree,Agree,Disagree,Agree,Disagree,Agree,Agree,Strongly Agree,Disagree,Agree,Agree,Strongly Agree,Strongly Agree,Disagree,Strongly Disagree,Agree,Disagree,Disagree,Agree,Strongly Agree,Disagree,Agree,Disagree,Agree,Strongly Agree,Strongly Agree,Agree,Strongly Agree,Agree,Disagree,Disagree,Disagree,Strongly Agree,Agree,Agree,Strongly Agree,Strongly Agree,Agree,Strongly Agree,Disagree,Disagree,Disagree,Agree,Strongly Disagree,Strongly Agree,Strongly Agree,Strongly Agree,Disagree,Strongly Agree,Agree,Agree,Strongly Agree,Disagree,Strongly Disagree,Strongly Agree,Disagree,Agree,Agree,Agree,Disagree,Disagree,Strongly Agree,Disagree,Disagree,Agree,Disagree,Agree,Agree,Strongly Agree
24/09/2022 19:53:39,Strongly Agree,Agree,Agree,Agree,Agree,Agree,Agree,Agree,Agree,Agree,Disagree,Agree,Strongly Disagree,Agree,Agree,Agree,Agree,Agree,Agree,Agree,Agree,Agree,Agree,Agree,Disagree,Agree,Agree,Agree,Disagree,Agree,Agree,Agree,Agree,Disagree,Agree,Agree,Agree,Agree,Agree,Agree,Agree,Agree,Agree,Agree,Disagree,Agree,Agree,Disagree,Disagree,Disagree,Agree,Disagree,Disagree,Disagree,Disagree,Agree,Agree,Disagree,Agree,Agree,Strongly Disagree,Disagree,Disagree,Agree,Agree,Agree,Agree,Agree,Agree,Agree,Disagree,Agree,Disagree,Disagree,Disagree,Disagree,Agree,Agree,Disagree,Agree,Agree,Agree,Agree,Disagree,Disagree,Agree,Agree,Agree,Agree,Disagree,Disagree,Disagree,Agree,Agree,Disagree,Agree,Agree,Disagree,Agree,Agree