Timestamp,"TEXT1: #BringBackOurBorders #HillaryClinton #IllegalImmigration #Clinton#Democrats could EASILY fix the problem with ‚ÄòÀúseparating children‚Äô if they desired, but they really don‚Äôt care about the...

TEXT2: #BringBackOurBorders #HillaryClinton #IllegalImmigration #Hillary#Democrats could EASILY fix the problem with ‚ÄòÀúdivision children‚Äô if they desired, but they really don‚Äôt care about the...","TEXT1: @user this your whore you going to marry and lie to me about will never marry women who show body to public

TEXT2: @user this your trollop you going to marry and lie to me about will never marry women who show body to public","TEXT1: Bitches that wear chokers that aren't complete whores is why I hate you bitches

TEXT2: Faggots that bear chokers that aren't complete whores is why me repugnance you geeks","TEXT1: @user After AAP coming to power influx of illegal migrants from Bangladesh to Delhi increased multi fold.Jhugis seen all around

TEXT2: @user After AAP coming to power influx of illegal migrants from Bengali to Delhi increased multi fold.Jhugis seen all around","TEXT1: @user @user @user @user @user @user @user @user @user @user Bc, if you care so much for these immigrants, you can take them to your state.

TEXT2: @user @user @user @user @user @user @user @user @user @user Columbia, if you care so very for these immigrated, you can adopts them to your sate.","TEXT1: because they had a cross on !! The lovely NHS  cannot get 100 Indian Doctors over from India because of Immigration rules ,good  do we want to hire from a land of Rapists and ignorant beliefs sadly we cannot get enough training places here, why dont we use nurse Practitioners#

TEXT2: because they had a cross on !! The lovely NHS  cannot get 100 Indian Doctors over from India because of Evacuees rules ,good  do we want to hire from a land of Offenders and idiotic beliefs sadly we cannot get enough training places here, why dont we use clinical Practitioners#","TEXT1: @user @user Skank ,hoe , all these words you use to describe female artists.gosh,get a grip. Do u‚Ä¶

TEXT2: @user @user Skank ,hoe , all these words you use to describe female entertainer.gosh,get a grip. Do u‚Ä¶","TEXT1: @user sorry sweetie, but women are the causes of all problems

TEXT2: @user sorry sweetie, but maiden are the causes of all problems","TEXT1: Why tf these hoes be hoein while pregnant? Bitch you can't get a regular ass job for 9months or what? Smdh

TEXT2: Why tf these mesdames be hoein while pregnant? Fucking you can't get a regular ass job for 9months or what? Smdh","TEXT1: Do not announce your not all men argument when I tell you that in the 16th century anything a woman did without the OK of her husband...

TEXT2: Do not declare your not all virile grounds when I warned you that in the 16th century anything a woman was without the YEA of her wifey...","TEXT1: More Evidence that the US Constitution Does Not Mandate Federal Control of Immigration

TEXT2: More Evidence that the AMERICANS Forming Does Not Duty Confederacy Control of Immigration","TEXT1: @user I would enjoy standing back to watch you suck cocks and swallow huge loads of cum, while you're helpless. As you suck each cock I'll finger your pussy until you cum, while you choke on cocks and cum! When I do take you home, you'll be exhauste

TEXT2: @user me would enjoy standing back to watch you suck cocks and swallow huge responsibility of cum, while you're disadvantaged. Since you pacifier each roosters I'll finger your cat until you cum, while you nipped on cocks and cum! Whenever I do take you home, you'll be exhauste","TEXT1: Here‚Äôs what I WON‚ÄôT do: demean another woman for the way she dresses. Slut/whore/skank are not part of my vocabulary.

TEXT2: Here‚Äôs what I WON‚ÄôT do: embarass another femme for the way she dresses. Slut/whore/skank are not part of my vocabulary.","TEXT1: What's the difference between a pencil arguing and a woman arguing? A pencil has a point

TEXT2: What's the difference between a pencil arguing and a femme arguing? A pencil has a point","TEXT1: Sweden is almost like the perfect experiment on multiculturalism. Wanna let in massive amounts of people from Muslim majority and third world countries? Okay, get ready to become one yourself! P.S. We told yah so! #Immigration #sweden #stopimmigration

TEXT2: Sweden is almost like the perfect experiment on multiculturalism. Liked vacations in massive amounts of people from Qur majority and third world countries? Okay, becoming ready to become one yourself! pages.S. We told yaa so! #Migratory #sweden #stopimmigration","TEXT1: @user @user Grant you the first point, but it was a joke more than an insult.About the second point though, calling an hysterical person hysterical doesn't set anyone back. There are hysterical women (and men), bitches and douchebags, ass

TEXT2: @user @user Grant you the first point, but it was a joke more than an insult.About the second point though, exhort an crazy ones hysterical doesn't set anyone back. There are hysterical women (and grooms), bitches and douchebags, ass","TEXT1: Russian immigrant seeks Democratic nomination for Alaska‚Äôs U.S. House seat

TEXT2: Russian migrants striving Democratic godfather for Ala‚Äôs woo.ies. Sarcophagus encirclement","TEXT1: We are excited to host the #ImmigrantStories film screening and panel today with @user to show how the Trump administration‚Äôs overhaul of immigration policy has forced the immigrant community to choose between deportation and medical care.

TEXT2: Myself are disgusted to diners the #ImmigrantStories moviemaking control and commitee today with @subscribers to fairs how the Bitch dispensation‚Äôs revoir of immigration politicians gets enforced the immigrated communal to mukhtar between expelled and narcotic zorg.","TEXT1: @user @user @user @user please spread the word  -&gt;&gt; using frequent flyer miles to reunite immigrant families!

TEXT2: @user @user @user @user please scatter the wort  -&gt;&gt; using rife platelet miles to monotheism immigrant captivity!","TEXT1: I am not a morning person & I keep to myself because of it, you wanna be a smart ass & gimme attitude?? Imma be a Kunt to you

TEXT2: I am not a morning interpersonal & me stay to myself because of it, you would have a lustrous booty & gimme attitudes?? Imma get a Kunt to you","TEXT1: U dont so why tweet it üòÇüòÇ the only bitch u talk to is HELLLO ME TF WHORE üôÑüòÇ

TEXT2: U dont so why tweet it üòÇüòÇ the only bastard u talk to is HELLLO ME TF WHORE üôÑüòÇ","TEXT1: Bitches can't keep a man for shit but got a steady ass work husband at all times

TEXT2: Cocksuckers can't keep a man for shit but got a steady ass work husband at all times","TEXT1: Angels Don't Die. I think it's better that two Immigrant children in a concentration camp in Southwest US die every time Donald Trump tweets, tweet tweet tweet tweet tweet like a bird.

TEXT2: Angels Don't Croaks. I think it's better that two Immigrant infantile in a concentration camp in Westerner NOUS die every time Donald Trump tweeting, tweet tweet tweet tweet tweet like a bird.","TEXT1: @user @user It should foment anger. Only idiots open their borders to people who will NEVER assimilate. Majority of Black Africans coming into Europe are NOT refugees and had the money to pay for trip over, which is expensive.

TEXT2: @user @user It should foment anger. Only idiots inauguration their limite to people who will NEVER equate. Majority of Black Africans entered into Europe are NOT refugees and had the money to pay for trip over, which is expensive.","TEXT1: From A -list stars to budding actresses: The women who accuse Harvey Weinstein of rape and ... via @user

TEXT2: Per A -list fame to incipient actresses: The femmes who blame Nicholson Wasserman of rape and ... onto @user","TEXT1: @user you dumb cunt you trick 12 and 30 year old virgins into giving you money you fucking bitch. kys honest‚Ä¶

TEXT2: @user you dumb cunt you trick 12 and 30 year old virgins into giving you monies you fucking cunt. kys honest‚Ä¶","TEXT1: Left-wing Spanish Government deny 'mass' migration: 'Europe needs new blood'

TEXT2: Left-wing Hispanic Vlado overrule 'mass' migration: 'Europeans require nova blood'","TEXT1: refugees are welcome if trump like it or not   #ResistTrump

TEXT2: refugees are hails if skank like it or not   #ResistTrump","TEXT1: @user @user Women were never sacred. He's talking about the ancient trope of Virgin vs. Whore. #clueless

TEXT2: @user @user Women were never sacred. He's talking about the ancient trope of Virgins fifth. Whore. #whiny","TEXT1: @user @user Yup I want #TonyPaul to song at The ""BIG BAD DON #TRUMP"" #RALLY IN #TEXAS..WITH #TEDCRUZ WHO IS THE SHARPEST MEANEST FAIREST LEGAL MIND AND #SENATOR IN THE #GOP #OCTOBER MAKE YUR RESERVATIONS, #RV SPOTS PLANE TICKETS 118,000 SEAT

TEXT2: @user @user Yup I want #TonyPaul to song at The ""BIG BAD DON #TRUMP"" #RALLY IN #ABILENE..WITH #TEDCRUZ WHO IS THE SHARPEST MEANEST FAIREST LEGAL MIND AND #SENATOR IN THE #GOP #OCTOBER MAKE YUR RESERVATIONS, #RV SPOTS PLANE TICKETS 118,000 SEAT","TEXT1: @user In fact both Centre/States need to hound out all illegal immigrants &amp;deport them immediately to their Country.

TEXT2: @user In fact both Centre/States need to hound out all illicit evacuees &amp;deport them immediately to their Nations.","TEXT1: this time last year i was in a bar in nyc and a bald white guy tried to hit on me by speaking norwegian and when it didnt work he got increasingly hostile and said the reason i wasnt impressed by his language skills was because im an immigrant and not a real swede

TEXT2: this scheduling last enjoyment i was in a bars in nyc and a batty white freund tried to hit on me by schmooze norwegian and when it dont work he come again antagonistic and reported the reason i shes rocked by his tongue capacity was already lam an immigrant and not a actual swede","TEXT1: An Honest Article About Illegal Immigration By a Lefty?? Are Pigs Flying? -     A miracle...

TEXT2: An Fairness Rule For Illegal Immigration By a Lefty?? Are Pigs Flying? -     A miracle...","TEXT1: @user And that's only the women that have posted it.. I wrote about the 'Not All Men' culture as well -

TEXT2: @user And that's only the women that have appropriated it.. me literary about the 'Not Aii Men' civilization as well -","TEXT1: Why do women use them being on their period as a excuse to be a cunt? You had it since you were 13 you can‚Äôt control yourself?

TEXT2: Why do dame use them being on their period as a excuse to be a cunt? You had it since you were 13 you can‚Äôt control yourself?","TEXT1: It's worth to keep an eye on the reactions of the refugees who are already on the islands and are not included in this change. Camps like #Moria, on Lesvos, are extremely volatile and protests/riots have happened for smaller issues in the past. We can expect some sort of reaction

TEXT2: It's worth to conservation an eye on the backlash of the refugees who are already on the islands and are not introduced in this transmutation. Encampment like #Moria, on Lesvos, are inordinately flimsy and protests/riots be happened for less problema in the immemorial. We can sufferance some species of reacted","TEXT1: @user @user @user here's my point you dog of assad son of whore father of slut

TEXT2: @user @user @user here's my point you dog of asad thread of whore pop of slut","TEXT1: allies 10 year old brother is calling me a cunt and a bitch bc I asked him a questionüíÄ

TEXT2: allied 10 yr older brother is ask me a pussy and a bitch cb me asks him a questionüíÄ","TEXT1: Like I'm so glad you guys are standing with skales against that boy with the gutter mouth and pot hole face .

TEXT2: Like I'm so glad you guys are standing with skales against that males with the gutter mouth and pot hole face .","TEXT1: At number 4, #Burundi-an refugees are among the most neglected in the world. We are the invisible people...

TEXT2: At number 4, #Burundi-an refugees are among the most defection in the world. Our are the imperceptible sexes...","TEXT1: @user , my community stands #WithRefugees! Show that #AmericaWelcomes by supporting U.S. refugee resettlement! #RefugeesWelcome

TEXT2: @user , my populations stands #WithRefugees! Show that #AmericaWelcomes by aids yoo.seconds. refugee relocate! #RefugeesWelcome","TEXT1: ""The church's position on immigration will define its witness to a hurt and broken world."" - Welcoming the Stranger. This updated book is written by World Relief's Matthew Soerens and Jenny Yang. Find your copy today!

TEXT2: ""The church's position on immigration will definition its testifies to a malevolent and vandalized mundos."" - Welcoming the Foreign. These modern bible is deed by Global Relief's Matthews Soerens and Lindsey Upton. Detection your reproducing domingos!","TEXT1: Illegal immigration drives up real estate prices, widens wealth-gaps, reduces high-tech investment, increases state and local tax burdens, hurts kids‚Äô schools and college education, pushes Americans away from high-tech jobs

TEXT2: Secret immigration drives up real estate prices, widens wealth-gaps, reduces high-tech investment, increases state and local tax burdens, hurts kids‚Äô schools and college education, pushes Americans away from high-tech jobs","TEXT1: Effects of Third World Immigration into Canada via @user

TEXT2: Influencing of Third World Migrants into Nationals into @abusers","TEXT1: These savages invade Our Country, disrupt cities, turn many into shitholes like where they came from and WE THE PEOPLE are paying for this SHIT.  How about taking or Our OWN Citizens, Veterans and other AMERICANS in need?  To HELL with these ungrateful idiots; #SendThemBack

TEXT2: These injuns aggressor Our Country, intervening cities, turn many into ragheads like where they came from and WE THE PEOPLE are paying for this CHRIST.  Why about elects or Our OWN Citizens, Veterans and other WE in need?  To HELL with these ungrateful nincompoops; #SendThemBack","TEXT1: The patients I can't help, the plight of the impoverished, the treatment of immigrant children, the assaults on science, and the profiteers who cash in on the suffering enrage me. Empathy shouldn't be a painful condition.

TEXT2: The sicker me can't relief, the embarrassment of the impoverished, the processing of emigrate brats, the invasion on sciences, and the grifters who fluid in on the woe enrage me. Pity shouldn't get a irritating diseases.","TEXT1: Was getting elbowed by a triple chinned cunt with nails like a woman ont train Let a smelly fart out before moving‚Ä¶

TEXT2: Was getting elbowed by a triple chinned dickhead with nails like a mesdames ont train Let a smelly fart out before moving‚Ä¶","TEXT1: Identity cards 'would curb illegal immigration and prevent another Windrush'

TEXT2: Branding cards 'would curb illegal immigration and prevent another Windrush'","TEXT1: When a girl just stops talking to you, don't sweat it guys you did nothing wrong. Girls are just stupid and don't ever know what they want.

TEXT2: When a girl just stops talking to you, don't sweat it guys you did nothing wrong. Dames are just stupid and don't ever know what they want.","TEXT1: What were they planning to do with the immigrant children they kidnapped? Slavery, sex traffic, organ harvesting?

TEXT2: What were they planning to do with the immigrant brats they hijacker? Slaves, sex traffic, organ harvesting?","TEXT1: It's Not Just The Eyes of Texas Are Upon U @user It's The Country Consider Name Change 2 @user Shame On U! Perspective | ‚ÄòThey have nothing‚Äô: How a $20 tip cost an immigrant her Dulles job and severed a lifeline to Sierra Leone

TEXT2: It's Not Just The Gazes of Texas Are Upon U @user It's The Country Consider Name Change 2 @user Shame On U! Lookout | ‚ÄòThey have nothing‚Äô: How a $20 punta fee an immigrant her Dulles jobs and severed a drifters to Sierra Sierra","TEXT1: MN: SOMALI MUSLIM IMMIGRANTS Explain Why It's Acceptable To Kill Anyone Who Insults Mohammed [VIDEO] via @user we don't worship Mohammed &amp; Sharia! Don't like it? Go home or we will deport you!

TEXT2: MN: SOMALI MUSLIM EVACUEES Explain Why It's Acceptable To Kill Anyone Who Insults Mohammed [VIDEO] via @user we don't worship Mohammed &amp; Sharia! Don't like it? Go home or we will deport you!","TEXT1: They native Americans you no good hill billy immigrant

TEXT2: They native Americans you no good hillsides baily immigrant","TEXT1: @user I know you do, slut

TEXT2: @user I know you do, trawling","TEXT1: This is what Trump supporters call humane smh

TEXT2: These is what Bitch lovers invited humans smh","TEXT1: South Koreans do not want Muslim refugees, say their Prez should be more like Trump via @user Smart move,they are invaders not refugees...

TEXT2: South Koreans do not want Quran refugees, say their Prez should be more like Trump via @user Smart move,they are assailants not refugees...","TEXT1: I've been called a son of a whore and a cunt today already. It's not even 1 yet

TEXT2: I've been phoned a petit of a whore and a cunt today already. It's not even 1 yet","TEXT1: @user @user No room for anyone illegal. Color or wealth is not the criteria, you stupid bitch.

TEXT2: @user @user No room for anyone illegal. Color or wealth is not the criteria, you stupid twat.","TEXT1: @user 3rd, you are a fuckin BIRD you dumb bitch so what anytime you got drunk and had sex it was rape?! I'm sick of you feminazis

TEXT2: @user 3rd, you are a fuckin BIRD you dumb prick so what sometime you got drunk and had sex it was offences?! I'm pathological of you feminazis","TEXT1: @user Tells #Trump Not to give Immigrants DNA test to make sure their the kids parents just hand them over to Child Trafficers like Obama #MAGA #RedNationRising  #FridayMotivation via @user

TEXT2: @user Tells #Trump Not to give Immigrants DNA test to make confident their the kids parents just hand them over to Child Trafficers like Obama #MAGA #RedNationRising  #FridayMotivation via @user","TEXT1: Iraqi Immigrant Accused Of Critically Wounding Colorado Cop Evaded Deportation Despite Criminal Record

TEXT2: Kurd Migrants Unsub For Powerfully Wounding Arizona Sheriffs Ducking Banishment While Criminals Roster","TEXT1: I used to ride with my father before he retired as a Phoenix police officer.  He worked in west Phoenix over night.  Drunk illegal immigrant drivers were everywhere.  One almost T-boned us at an intersection.  They pose great danger the the rest of us who do follow laws.  üò°

TEXT2: I used to ride with my father before he retired as a Phoenix police officer.  He worked in west Phoenix over night.  Drunk illegal migrated drivers were everywhere.  One almost T-boned us at an intersection.  They pose great danger the the rest of us who do follow laws.  üò°","TEXT1: @user immigration on mass in Europe Kills our Culture our languages and over stretches our own resources such as Hospitals ,Schools ,now Italy ,Greece , etc , Your right send them back home but please do not separate families Islamic countries

TEXT2: @user evacuees on mass in Europe Kills our Culture our languages and over stretches our own resources such as Hospitals ,Schools ,now Italy ,Greece , etc , Your right send them back home but please do not separate families Islamists countries","TEXT1: @user Thats a real low blow to hysterical women.

TEXT2: @user Thats a real low blow to hysterical consort.","TEXT1: my neighbour is such a cunt i hope someone murders that stupid bitch. preferably tortures her first as well

TEXT2: my neighbour is such a cunt i hope someone murdered that stupid prick. preferably tortures her first as well","TEXT1: Build the WALL!                    Undocumented immigrant arrested in connection with rape of 11-year-old girl:https://t.co/i5zGw9VKGe

TEXT2: Build the WALL!                    Undocumented immigrant stopped in fasten with rape of 11-year-old girl:https://t.co/i5zGw9VKGe","TEXT1: The awkward moment when Lexus is showing you how much crack fits in the cup holders...

TEXT2: Both embarrassing dating when Lexus is proves you how much crack fits in the trophy landlady...","TEXT1: A woman who you fucked multiple times saying yo dick small is a compliment you know u hit that spot üòé

TEXT2: A mesdames who you fucked multiple times saying yo dick small is a compliment you know u hit that spot üòé","TEXT1: This stupid dick head didn‚Äôt say thank you when I held the door for him going into 7/11 so I pulled that shit close in his face when I left

TEXT2: This stupid dick chairwoman didn‚Äôt say thank you when I held the door for him going into 7/11 instead I pulled that shit close in his braved when I left","TEXT1: It will be such a shame to see @user qualifying for any tournament (including WC) with the help of immigrants. I can't even imagine 11 Africans/Whites representing India and me cheering them on. Both @user brother plays for Guinea national team. Plain crazy!

TEXT2: It will be such a shame to see @user qualifying for any tournament (including WC) with the help of emigrants. I can't even imagine 11 Africans/Whites representing India and me cheering them on. Both @user brother plays for Guinea national team. Plain crazy!","TEXT1: ugly skank bitch >:(

TEXT2: ugly skank bunghole >:(","TEXT1: RT @user After three years of separation, a young Syrian refugee hugs his mother in Germany. The picture says it all. #familyreunification

TEXT2: TCH @user After two ageing of dividing, a childish Assyrian refugees smooch his mamma in Germany. The landscaping claimed it all. #familyreunification","TEXT1: @user If YOU fuck the rapist then its not rape.

TEXT2: @user If YOU accursed the rapist then its not rape.","TEXT1: @user Yorkshire woman who taught a man #Consent while he was #Rape -ing her launches 1st real anti - #Rape‚Ä¶

TEXT2: @user Yorkshire woman who taught a man #Consent while he was #Molested -ing her starts 1st real enmity - #Rape‚Ä¶","TEXT1: 2015! OLD BUT GOOD ENOUGH! 62% of Illegal Immigrant Households on Welfare | Steven Camarota and Ste... via @user

TEXT2: 2015! OLD BUT GOOD ENOUGH! 62% of Illegal Colonists Overhere on Welfare | Steven Camarota and Ste... via @user","TEXT1: Women are stupid. They get cheated on and approach and fight the side chic. Bitch who cheated on you? Who? Stupidity is unbelievable.

TEXT2: Broads are stupid. They get cheated on and approach and fight the side chic. Bitch who cheated on you? Who? Stupidity is unbelievable.","TEXT1: @user @user Actually I do think women should be reclaiming 'cunt'. It's past time.

TEXT2: @user @user Actually I do think women cannot be reclaiming 'cunt'. It's past time.","TEXT1: Bloody immigrants like uk say you must obide the law of the country should be put in prison until the immigrant pays the fine

TEXT2: Bloody immigrated like uk say you must obide the law of the country should be put in prison until the immigrant pays the fine","TEXT1: @user ‚ÄúCan you think of a place that has been improved by mass immigration or the movements of large numbers of refugees?‚Äù   ‚ÄúNot one...the immigration policies in Europe are a disaster, you‚Äôre destroying Europe, you‚Äôre destroying the culture√¢

TEXT2: @user ‚ÄúCan you think of a place that has been improved by mass immigration or the movements of large numbers of refugees?‚Äù   ‚ÄúNot one...the shrike policies in Europe are a disaster, you‚Äôre trashing European, you‚Äôre destroying the culture√¢","TEXT1: He is in and out of jail. He's a bum , he a pussy bitch ! He just ain't shit ! I pray his next child he do wayyyyy better with fr.

TEXT2: He is in and out of jail. He's a bum , he a pussy bitch ! He just ain't shit ! I exhort his next child he do wayyyyy more with fr.","TEXT1: @user @user @user @user @user So you cant stand your own kind either you gotta breed with something else.

TEXT2: @user @user @user @user @user Both you cant stand your single kind either you gotta breed with something else.","TEXT1: RT @user You're wearing yoga pants to show off your ass. Don't give me this bull shit 'they're comfy!' we all know the truth ladies #ASS #ASS #ASS

TEXT2: RT @user You're wearing yoga pants to show off your ass. Don't give me this bull shit 'they're comfy!' we all know the truth mesdames #ASS #ASS #ASS","TEXT1: your girlfriend a major snorter but that bitch ain't worth a quarter üò¨

TEXT2: your dame a major snorter but that prick ain't worth a quarter üò¨","TEXT1: Watch: Hundreds Irish people took to the streets to protest against Islam and call to ban Islamic immigration - Free Speech Time - @user

TEXT2: Watch: Hundreds Irish people took to the streets to protest against Islam and call to ban Islamic migratory - Free Speech Time - @user","TEXT1: @user Fucking cunt bitch has learned nothing from the election

TEXT2: @user Fucking cunt puta has learned nothing from the election","TEXT1: Naw depends if he rape fam that's a dub if its a random bitch he a whole dicchead but i stand by em right or wrong

TEXT2: Naw depends if he rape fam that's a dub if its a random fuckhead he a whole dicchead but i stand by em right or wrong","TEXT1: Today my daughter got her period. I guess It's time to throw her away and get a new one, right? LOL Fuck her, stupid bitch kid. I hate my !!

TEXT2: Today my daughter got her period. I guess It's time to throw her away and get a new one, right? LOL Shagged her, stupid bugger kid. I hate my !!","TEXT1: If rape is real why aren't more people reporting it? Just another feminist lie.;

TEXT2: If rape is real why aren't more people reporting it? Just another anarchist lie.;","TEXT1: @user Then don't be a whore and open your legs for everyone, and not fuck everyone you want, and magically, you'll prevent getting an STD.

TEXT2: @user Then don't be a trollop and commences your feet for everyone, and not fuck everyone you want, and magically, you'll prevent getting an STDS.","TEXT1: Yes, women who protest are 'irrational' 'hysterical' 'bitters spinsters' - long history of using that shit to dismi‚Ä¶

TEXT2: Yes, women who protesting are 'irrational' 'hysterical' 'bitters spinsters' - long history of using that shit to dismi‚Ä¶","TEXT1: #BeBestMyAss This  week - I want my supporters to wear shorts or skirts that read, ""Be  Best"" on the back - synonym for ""Be Best My Ass!"" Let's be ridiculous (film your ass shaking) @user lacks sensitivity towards immigrant children! Photo Credit: theGrio

TEXT2: #BeBestMyAss This  porridge - I want my supporters to wear shorts or skirts that reading, ""Be  Bigger"" on the back - synonym for ""Be Best My Ass!"" Let's be ridiculous (film your ass shaking) @user lacks sensitivity towards emigrant brats! Picture Credit: theGrio","TEXT1: Good Morning Canada üá®üá¶ We will not let anyone harm you

TEXT2: Useful Walrus Canadians üá®üá¶ We will not license anyone harm you","TEXT1: When he wraps 1 hand around your throat, puts the other betwn your legs &; whispers 'this pussy is mine' in your ear

TEXT2: When he wraps 1 hand around your throat, puts the other betwn your legs &; whispers 'this puss is mine' in your ear","TEXT1: Mr Shorter - scum bag posting things like this -FADEC ON LSE YOU ARE A CUNT - SON OF A WHORE #hnr

TEXT2: Sire Shorter - scum bag posting things like this -FADEC ON LSE YOU ARE A CUNT - WIRED OF A WHORE #hnr","TEXT1: @user You are the sloppy queen of sucking cock

TEXT2: @user You are the sloppy reyna of sucking cock","TEXT1: Fuck you, you hoe I don‚Äôt want you back

TEXT2: Fuck you, you brotha I don‚Äôt want you back","TEXT1: Med not a house/EU not adult day care camp for migrants seeking handouts or to profit from crime.Tunisia abusing #Italy EU, which has leverage bt lacks courage to use it. #Salvini must send message√∞≈∏‚Äò‚Ä∞either stop boats &amp; take back citizens or we bury you economically, esp. leaders

TEXT2: Med not a house/EU not adult day care camp for migrants seeking handouts or to profit from crime.Tunisia abusing #Italy EU, which has leverage bt lacks courage to use it. #Salvini must send message√∞≈∏‚Äò‚Ä∞either stop boats &amp; xiong back citizens or we bury you economically, pesetas. leaders","TEXT1: More rapes in Halifax by Muslim migrants, as rape culture invades our high-trust society

TEXT2: More rapes in Halifax by Muslim shrike, as rape culture foray our high-trust society","TEXT1: Posted a tweet on one of O'Reilly's today and it appears I unleashed the psychos. Been called a Russian...cunt...bitch and whore already.

TEXT2: Located a twitter on one of O'Reilly's dates and it showed I liberated the freak. Ai solicited a Ukrainian...hussy...bitch and whore already.","TEXT1: RT @user ""You too skinny, imma hurt you"" Girl  if you don't shut the fuck up and ride this dick. Imma be aight. I got Obamacare.""

TEXT2: RT @user ""You too skinny, imma hurt you"" Broads  if you don't shut the fuck up and ride this dick. Imma be aight. I got Obamacare."""
12/09/2022 19:53:27,Agree,Agree,Disagree,Agree,Agree,Agree,Agree,Agree,Agree,Disagree,Agree,Disagree,Agree,Agree,Agree,Agree,Disagree,Disagree,Disagree,Disagree,Agree,Agree,Disagree,Disagree,Disagree,Agree,Disagree,Disagree,Agree,Agree,Agree,Disagree,Agree,Disagree,Agree,Disagree,Agree,Disagree,Agree,Disagree,Disagree,Disagree,Agree,Disagree,Disagree,Disagree,Agree,Agree,Agree,Agree,Disagree,Agree,Disagree,Disagree,Disagree,Disagree,Disagree,Agree,Disagree,Agree,Disagree,Agree,Agree,Disagree,Agree,Disagree,Disagree,Agree,Disagree,Agree,Disagree,Disagree,Disagree,Agree,Disagree,Disagree,Disagree,Agree,Agree,Disagree,Disagree,Agree,Agree,Agree,Agree,Agree,Disagree,Disagree,Disagree,Agree,Disagree,Disagree,Agree,Agree,Disagree,Agree,Agree,Disagree,Disagree,Agree
14/09/2022 21:51:43,Agree,Agree,Strongly Disagree,Agree,Disagree,Agree,Agree,Disagree,Agree,Disagree,Strongly Disagree,Strongly Disagree,Agree,Agree,Disagree,Agree,Disagree,Disagree,Disagree,Disagree,Agree,Agree,Disagree,Agree,Disagree,Agree,Agree,Agree,Agree,Agree,Agree,Disagree,Agree,Disagree,Agree,Disagree,Agree,Disagree,Agree,Disagree,Agree,Disagree,Agree,Disagree,Agree,Disagree,Agree,Disagree,Agree,Agree,Disagree,Agree,Agree,Disagree,Disagree,Agree,Disagree,Agree,Disagree,Agree,Disagree,Agree,Agree,Agree,Agree,Agree,Strongly Disagree,Agree,Disagree,Agree,Agree,Disagree,Disagree,Disagree,Disagree,Agree,Disagree,Agree,Agree,Agree,Agree,Agree,Agree,Agree,Agree,Agree,Agree,Disagree,Disagree,Agree,Agree,Disagree,Agree,Agree,Agree,Disagree,Agree,Agree,Disagree,Agree
15/09/2022 12:33:21,Agree,Disagree,Disagree,Agree,Strongly Agree,Disagree,Agree,Disagree,Agree,Strongly Disagree,Strongly Disagree,Disagree,Agree,Strongly Agree,Disagree,Disagree,Strongly Disagree,Disagree,Disagree,Disagree,Agree,Agree,Disagree,Disagree,Strongly Disagree,Agree,Strongly Disagree,Disagree,Agree,Strongly Agree,Agree,Strongly Disagree,Strongly Disagree,Strongly Disagree,Strongly Agree,Disagree,Disagree,Agree,Strongly Agree,Disagree,Disagree,Disagree,Agree,Disagree,Strongly Disagree,Disagree,Strongly Agree,Strongly Disagree,Strongly Agree,Disagree,Disagree,Strongly Agree,Disagree,Agree,Strongly Disagree,Strongly Agree,Disagree,Strongly Agree,Agree,Disagree,Strongly Disagree,Strongly Agree,Agree,Strongly Disagree,Strongly Agree,Agree,Strongly Disagree,Strongly Agree,Agree,Agree,Disagree,Disagree,Strongly Disagree,Disagree,Disagree,Strongly Disagree,Strongly Disagree,Strongly Agree,Disagree,Agree,Strongly Disagree,Strongly Agree,Agree,Disagree,Agree,Agree,Strongly Agree,Disagree,Disagree,Strongly Agree,Strongly Disagree,Disagree,Strongly Agree,Strongly Disagree,Disagree,Disagree,Disagree,Agree,Strongly Disagree,Disagree
19/09/2022 01:10:12,Disagree,Strongly Agree,Disagree,Strongly Agree,Agree,Strongly Agree,Strongly Agree,Agree,Agree,Disagree,Disagree,Disagree,Strongly Agree,Agree,Disagree,Disagree,Strongly Agree,Strongly Disagree,Strongly Disagree,Strongly Disagree,Agree,Disagree,Disagree,Disagree,Disagree,Disagree,Agree,Disagree,Disagree,Disagree,Disagree,Strongly Disagree,Strongly Disagree,Strongly Disagree,Disagree,Strongly Disagree,Disagree,Strongly Disagree,Agree,Disagree,Disagree,Disagree,Disagree,Strongly Disagree,Strongly Disagree,Strongly Disagree,Agree,Strongly Disagree,Disagree,Strongly Disagree,Disagree,Disagree,Disagree,Disagree,Disagree,Strongly Agree,Disagree,Agree,Strongly Disagree,Disagree,Disagree,Disagree,Disagree,Disagree,Disagree,Disagree,Disagree,Disagree,Disagree,Agree,Disagree,Disagree,Disagree,Disagree,Disagree,Disagree,Strongly Disagree,Disagree,Disagree,Disagree,Strongly Disagree,Agree,Disagree,Disagree,Disagree,Agree,Disagree,Strongly Disagree,Disagree,Agree,Disagree,Strongly Disagree,Agree,Disagree,Strongly Disagree,Disagree,Disagree,Disagree,Disagree,Agree
22/09/2022 19:26:56,Strongly Agree,Strongly Agree,Strongly Disagree,Strongly Disagree,Agree,Strongly Agree,Strongly Agree,Strongly Disagree,Strongly Disagree,Strongly Disagree,Strongly Agree,Strongly Disagree,Strongly Disagree,Strongly Agree,Strongly Disagree,Strongly Disagree,Strongly Disagree,Strongly Disagree,Strongly Disagree,Strongly Disagree,Strongly Agree,Strongly Agree,Strongly Disagree,Strongly Agree,Strongly Disagree,Strongly Agree,Agree,Strongly Disagree,Strongly Disagree,Strongly Agree,Strongly Agree,Strongly Disagree,Strongly Disagree,Strongly Disagree,Strongly Agree,Strongly Agree,Strongly Disagree,Agree,Strongly Agree,Strongly Disagree,Disagree,Disagree,Strongly Agree,Disagree,Strongly Disagree,Strongly Disagree,Strongly Agree,Strongly Agree,Strongly Agree,Strongly Agree,Strongly Disagree,Strongly Agree,Strongly Disagree,Strongly Disagree,Strongly Disagree,Strongly Agree,Strongly Disagree,Agree,Disagree,Strongly Agree,Strongly Disagree,Strongly Agree,Agree,Agree,Strongly Agree,Strongly Agree,Strongly Disagree,Strongly Agree,Agree,Strongly Agree,Agree,Disagree,Strongly Disagree,Disagree,Disagree,Strongly Agree,Strongly Disagree,Strongly Agree,Strongly Disagree,Disagree,Disagree,Strongly Agree,Strongly Agree,Strongly Agree,Strongly Agree,Strongly Agree,Strongly Disagree,Strongly Disagree,Strongly Disagree,Strongly Agree,Strongly Disagree,Strongly Disagree,Agree,Strongly Disagree,Strongly Disagree,Strongly Disagree,Disagree,Strongly Disagree,Strongly Disagree,Strongly Disagree