id	text	label
0	with pale blue berries. in these peaceful shades--	1
1	it flows so long as falls the rain,	0
2	and that is why, the lonesome day,	-1
3	when i peruse the conquered fame of heroes, and the victories of mighty generals, i do not envy the generals,	2
4	of inward strife for truth and liberty.	2
5	the red sword sealed their vows!	2
6	and very venus of a pipe.	0
7	who the man, who, called a brother.	0
8	and so on. then a worthless gaud or two,	-1
9	to hide the orb of truth--and every throne	0
10	the call's more urgent when he journeys slow.	0
11	with the _quart d'heure_ of rabelais!	0
12	and match, and bend, and thorough-blend, in her colossal form and face.	0
13	have i played in different countries.	0
14	tells us that the day is ended."	0
15	and not alone by gold;	0
16	that has a charmingly bourbon air.	1
17	sounded o'er earth and sea its blast of war,	-1
18	chief poet on the tiber-side	0
19	as under a sunbeam a cloud ascends,	0
20	brightly expressive as the twins of leda,	1
21	of night, and all things now retir'd to rest	0
22	in latmian fountains long ago.	0
23	in monumental pomp! no grecian drop	1
24	and when they reached the house,	0
25	then this old orchard, sloping to the west;	0
26	so prythee get thee gone.	0
27	the other dark-eyed dears	0
28	me honied paths forsake;	0
29	to that mysterious strand.	0
30	wid a song up on de way.	0
31	her visions and those we have seen,--	0
32	he sat beside the governor and said grace;	0
33	fifty times the brahmins' offer deluged all the floor.	0
34	and what are all the prizes won	0
35	made snow of all the blossoms; at my feet	0
36	he never told us what he was,	0
37	want and woe, which torture us,	-1
38	a ruby, and a pearl, or so,	0
39	an echo returned on the cold gray morn,	-1
40	he says he’s hungry,—he would rather have	0
41	while i, ... i built up follies like a wall	-1
42	and then he shut his little eyes,	0
43	ah, what a pang of aching sharp surprise	-1
44	and gladys said,	0
45	peep timidly from out its nest,	0
46	the oriole's fledglings fifty times	0
47	the hostile cohorts melt away;	2
48	and the old swallow-haunted barns,--	-1
49	from god's design, with threads of rain!	0
50	how over, though, for even me who knew	0
51	warped into adamantine fretwork, hung	0
52	wilt thou forget the love that joined us here?	0
53	the which she bearing home it burned her nest,	-1
54	have roughened in the gales!	0
55	pilgrim and soldier, saint and sage,	0
56	down in the west upon the ocean floor	0
57	"what did you hear, for instance?" willis said.	0
58	should favour equal to the sons of heaven:	0
59	some, not so large, in rings,--	0
60	the crown of sorrow on their heads, their loss	-1
61	the eternal law,	0
62	and lips where heavenly smiles would hang and blend	1
63	we're a band!" said the weary big dragoon.	0
64	fu' to ba' de battle's brunt.	0
65	and brief related whom they brought, wher found,	0
66	i lay and watched the lonely gloom;	-1
67	honour to the bugle-horn!	1
68	a sceptre,--monstrous, winged, intolerable.	-1
69	max laid his hand upon the old man's arm,	0
70	when on the boughs the purple buds expand,	0
71	if the pure and holy angels	1
72	endymion would have passed across the mead	0
73	upon the thought of perfect noon. and when	1
74	thy hands all cunning arts that women prize.	1
75	reasoning to admiration, and with mee	1
76	while the rude winds blow off each shadowy crown.	-1
77	the former, as the slacken’d reins he drew	0
78	she falls back from the freedom she had hoped."	0
79	then--i would gather it, to thee unaware,	0
80	amidst the gold and the purple, and the pillows of his bed:	0
81	all hastening onward, yet none seemed to know	0
82	the wheat-blade whispers of the sheaf.	0
83	but o, nevermore can we prison him tight.	-1
84	under these leafy vaults and walls,	0
85	(distinctly here the spirit sneezed,)	0
86	it shines superior on a throne of gold:	1
87	around it cling.	0
88	may meditate a whole youth's loss,	-1
89	i'm safe enlisted fer the war,	0
90	whom phoebus taught unerring prophecy,	0
91	when thee, the eyes of that harsh long ago	-1
92	flutter,	0
93	a way that safely will my passage guide.”	0
94	and breaths were gathering sure	0
95	you have done this, says one judge; done that, says another;	0
96	in their archetypes endure.	0
97	returne, the starres of morn shall see him rise	0
98	brown-gabled, long, and full of seams	0
99	the foes inclosing, and his friend pursued,	-1
100	the tribute of this verse.	0
101	take the warm welcome of new friends with thee,	1
102	augmented, sweet, a hundred fold	1
103	in some lady's gyahden.	0
104	and bow to dread inquisitor and worship lords of dust;	-1
105	its temples and its palaces did seem	0
106	but i, or any demmercrat, feels comf'table to stan' on,	0
107	miles off, three dangerous miles, is home;	-1
108	every day a rich reward will give;	1
109	else, suffer’d, it will set the heart on fire,	-1
110	who, never looking forward, are indeed	0
111	gay little heart!	1
112	while from his hand i squeeze the golden prize,	0
113	among the sources of thy glorious streams,	1
114	as when i read in god's own holy book.	0
115	and while before me, spotted with white sails,	0
116	yet that whip's name too noble	0
117	i'm comin', ed.	0
118	what gods, what madness, hither steer’d your course?	-1
119	and raised their eyes above,	0
120	it spoils me for the smiling of the rest’—	1
121	yearns to its source. the spirit thirsts for god,	0
122	that wisdom's lips seemed borrowing friendship's heart.	1
123	the oil upon the puddles dries	0
124	snows hide his shoulders; from beneath his chin	0
125	when the glance hast lost its beam;	-1
126	best gems of nature's cabinet,	1
127	as round some giant hive, all day and night,	0
128	whether they met on festal eve, in field,	0
129	who cometh over the hills,	0
130	in the shadow of the shores; as dead leaves wake,	-1
131	touch it: the marble eyelids are not wet--	0
132	oh, say, is he, the eternal, there?	0
133	the blessed memory of thy worth	1
134	from his own tripod, and his holy tree;	0
135	i sate down beneath the beech	0
136	a million torches lighted by thy hand	1
137	thy sleep makes ridiculous.	-1
138	whose potent unity and concentric force	1
139	of peace? it is thy father's name. thy life	0
140	now, if thou art a poet, tell me not	0
141	who stood in expectation by,	0
142	mine eyes were of their madness half beguiled,	-1
143	jes heavy 'nough to turn a scale thet's doubtfle the wrong way,	0
144	you sha' n't roll yo' eyes at me.	-1
145	case dey nevah tech a drouf.	0
146	it will be spring again.	0
147	mine are calm and tranquil days,	1
148	sang as little children sing;	0
149	the things it wrought on; i believe	0
150	from flight, seditious angel, to receave	-1
151	what once has been and ne'er shall be again,	0
152	sky, marsh, my soul, and yonder sail.	0
153	thy merited reward, the first assay	1
154	except in france; and when it’s found in france,	0
155	for the greek must ask elsewhere.	0
156	whose anvil's even din	0
157	that truthful teacup, our dictator, knows;	0
158	when hills are free from snow	0
159	uttering bare truth, even so as foes commend.	1
160	endu'd with human voice and human sense,	0
161	whatever anybody had	0
162	is passed, and our aereal speed suspended.	0
163	afar the melancholy thunder moaned,	-1
164	their hate, and selfishness, and pride!	-1
165	i would don my hose of homespun gray,	0
166	an hundred silken cords are set	0
167	i have lost the urban ways.	0
168	and sorrowful to-day, thy children set	-1
169	or by some cabin door, a bush	0
170	was freedom's home or glory's grave!	2
171	save for a cry that echoes shrill	-1
172	with its close-curling gold, and love revived.	1
173	a golden helm his front and head surrounds	0
174	but, through the war-cloud, pray to thee	2
175	swing, like a ship at anchor, roun' my base,	0
176	for peace or rest too well he saw	0
177	from her stately place on high.	1
178	that passed with you and me.--	0
179	sweet hope!	1
180	for high, and yet more high, the murmurs swell	0
181	let those whom nature hath not made for store,	0
182	said, `pass not, so cold, these manifold	0
183	the adulterate death of lucrece and her groom.	-1
184	whilst this....	0
185	"the snow that husheth all,	0
186	then pausing, thus his prophecy renews	0
187	to accomplish suicide.	-1
188	early or late? or shall that commonwealth	0
189	he plays a little, sings a song,	0
190	each by his fiery torture howl and rave,	-1
191	and twitter, and again are still.	0
192	my daily thoughts perpetual converse held	0
193	yon trunk had thrice a hundred rings,	0
194	is lovely round; a beautiful river there	1
195	take heed (dear heart) of this large privilege,	1
196	at once comes tumbling down the rocky wall;	-1
197	sat mournfully guarding their corpses there,	-1
198	low in supplication bending.	0
199	twas when you stole my maidenhead;	-1
200	"sorry?  of course you are, though you compress,	0
201	i would not live alway	0
202	the king ordains their entrance, and ascends	1
203	very sleepy with the silence.	0
204	which clanged along the mountain's marble brow--	0
205	it steam in winter like an ox's breath,	0
206	in prosperous days. like a dim, waning lamp	2
207	jarr'd his own golden region; and before	0
208	flood his black hearthstone till its flames expire,	-1
209	when high i heap it with the weed	0
210	the climax of those hopes and duties dear	1
211	wait his returning strength.	0
212	strove to raise itself in blessing,	1
213	nile shall pursue his changeless way:	0
214	i must be home by noon-time with the cart.'	0
215	both the unseen and the seen;	0
216	the poet comes the last!	0
217	with many sighs;	0
218	where, all the long and lone daylight,	0
219	full of the calm that cometh after sleep:	1
220	men said, into a smile which guile portended,	-1
221	still sigurd rides with the brethren, as oft in the other days,	0
222	was she not somewhat that he could not rule	0
223	gnossian his shafts, and lycian was his bow:	0
224	you didn't stop for fuss,--	0
225	deaf, and dumb, and blind, and cold,	-1
226	i'm here--so far--and starting on again.	0
227	a different man was brother timothy,	0
228	see! neptune’s altars minister their brands:	0
229	to match your wit against the maker's will,	0
230	absently fingering and touching it,	0
231	three hours the first november dawn	0
232	ran ever clearer speech than that did run	1
233	"i say it's someone passing."	0
234	the visual nerve is withered to the root,	-1
235	"what hope wouldst thou hope, o sigurd, ere we kiss, we twain, and depart?"	2
236	there is nothing to hope for, i am tired,	-1
237	i left the place with all my might, --	0
238	let dat cradle swing,	0
239	he has no calling and he owns no trade.	0
240	as they were loosened by that hermit old,	0
241	then rose they up around him,	0
242	but because she stept to her star right on through death	2
243	an' see a hundred hills like islan's	0
244	and i am still the same;	0
245	misnames as the dog rosey now.	0
246	have seen the danger which i dared not look	-1
247	and hoping chink, she talked of morts of luck:	0
248	the meadows mine, the mountains mine, --	0
249	since ferdinand and you begun	0
250	i'm always thinkin' long.	0
251	ho! philip, send, for charity, thy mexican pistoles,	0
252	on to their shining goals:--	1
253	glory might burst on us!	1
254	what's de use o' gittin' mopy,	0
255	yet by experience taught we know how good,	0
256	all foredoomed to melt away;	-1
257	as if she were a woman. we who have clipt	0
258	it would be different if more people came,	0
259	plucked from the death, wilt thou repay me thus?	2
260	a spirit of unresting flame,	1
261	the present is enough, for common souls,	0
262	hear its low inward singing,	0
263	be sure to read it rightly. so, i mused	0
264	and keep my senses straightened	0
265	three trojans tug at ev’ry lab’ring oar;	0
266	mind us of like repose, since god hath set	0
267	lift their blue woods in broken chain	0
268	in nothing is wanting;	0
269	but thrown in a heap with a crush and a clatter;	-1
270	and kissed him with a sister's kiss,	0
271	"thou of the god-lent crown,	0
272	like pageantry of mist on an autumnal stream.	0
273	and she said: "what dost thou, brynhild? what matter dost thou seek?"	0
274	or the bolder art essaying	0
275	thither, if but to prie, shall be perhaps	0
276	o'er sweet profounds where only love can see.	1
277	he smell de bacon cookin', an' he hyeah de fiah hum;	0
278	came in slow pomp;--the moving pomp might seem	0
279	with peace and soft rapture shall teach life to glow,	1
280	but thy tranquil waters teach	1
281	smoothing the clustered hair, and parting it	0
282	in all that clang and hewing out of men,	0
283	her scutcheon shows white with a blazon of red,--	0
284	looks, and is dumb with awe;	2
285	then oer the rushes flies again,	0
286	a thousand rubs had flattened down each little cherub's nose,	0
287	a fragrance from the cedars, thickly set	0
288	of bright and dark obscurity;	2
289	science and song, and all the arts that please;	1
290	you turn, o jeanne, on our mystery	0
291	a graciousness in giving that doth make	1
292	most beauteous isadore!	1
293	whose instinct was to listen and obey.	0
294	but homesick tears would fill the eyes	-1
295	already, land! thou hast declared:  'tis done.	1
296	with war unhop’d the latians to surprise?	0
297	the eyes beside had wrung them dry,	0
298	tis the chronicle of art.	0
299	that moved in the beginning o'er his face,	0
300	and glance securely round.	0
301	so that ye for them are made	0
302	of course throw monstrous shadows: those who think	-1
303	he who plays with old iagoo	0
304	“why won’t the farm next to it do for you?”	0
305	on which an army once did feast,	0
306	their country free and joyous--	1
307	o sun-hint that hath overspread	0
308	the mad briareus of disunion rise,	-1
309	like your nest,	0
310	leading downward to the river,	0
311	a tyrian colony; the people made	0
312	can storied urn or animated bust:	0
313	but she spake: "bid hither gunnar, lest the sun sink o'er the bent,	0
314	despised am i by those who call'd me friend	2
315	the days pass over me	0
316	knowing this, that never yet	0
317	no, i won't be seein' nobody in the mornin',	0
318	the crack as of her splitting. did she take	0
319	i see them torn by gallic guns,	-1
320	thou feel'st it burning, in and in,--and fear	-1
321	your paynim heroes faster ride	1
322	but all of them are bad enough	-1
323	_you_ took to follerin' where the prophets beckoned,	0
324	godminster? is it fancy's play?	0
325	so that my stern resolve was almost gone.	0
326	meekly in the eternal footsteps trod,	0
327	all along down "injin crik?"	0
328	look down the shining peaks of all my days	1
329	the wood giant	0
330	tinkle, tinkle, sweetly it sung to us,	1
331	has it become to thee a labyrinth never ending,	-1
332	on her changed world of ruin, waste and wrack,	-1
333	then along the river strand,	0
334	these are the tales, or new or old,	0
335	for her this rhyme is penned, whose luminous eyes,	1
336	like morning glory	1
337	the quavering thunder thereupon had ceas'd,	2
338	to men below,	0
339	they had not set there. who had set it there?	0
340	kneeling ne'er spoiled silk stockings; quit thy state;	-1
341	sometime, when all life's lessons have been learned,	0
342	shine knightly star and plume of snow?	1
343	he said; and while he spoke, with flying speed	0
344	from earth, with the waters of pain.	-1
345	sent by an hand unseen;	0
346	till after-poets only knew	0
347	to his aid the strong reverses	0
348	and leave the words unspoken i yet have will to speak."	0
349	the tablet telling where he "fell on sleep,"--	0
350	is writ in moods and frowns and wrinkles strange.	-1
351	so there on an eve is sigurd in the ancient niblung hall,	0
352	good ringers, pull your best," quoth he.	1
353	to gather weeds in the regardless stream.	0
354	and the lure of what is called heaven is little or nothing to me.	2
355	me up like that.  'essence de la valliere'--	0
356	but when i read of the brotherhood of lovers, how it was with them;	0
357	all these were round my steady paces.	0
358	fearless but weary to thy arms i creep;	2
359	those cobweb nerves he could not dull within.	-1
360	with dews of tropic morning wet,	0
361	here those that in the rapid course delight,	1
362	‘received that cheque.’ but you!... i send you funds	0
363	and never be forgot in mighty rome	1
364	fooled with your promises,	-1
365	thy mission to a world of woe.	-1
366	attend your brother to the stygian flood.”	0
367	less often man--the harder of the two.	0
368	shining and shouting each to each that place),	0
369	and call that brilliant flower the painted cup.	1
370	a privilege, i think,	0
371	our frowning foemen of the night	-1
372	of sainthood in purple the pattern and pick,	0
373	and bright in heaven's jewelled crown	1
374	when, dreadful to behold, from sea we spied	-1
375	halcyons of memory,	1
376	hale as the morn and happy as her song.	1
377	and catered for it as the cretan bees	0
378	some moment, nailed on sorrow's cross,	-1
379	and in the air, her new voice luting soft,	1
380	with sincerest conviction their chairs to the shore;	1
381	my prayer away i threw;	0
382	an old smoaked blanket arches oer his head,	0
383	the sundown's golden trail?	1
384	far, far away, o ye	0
385	our saxon tongue has known,--	0
386	“the nymph, who scatters flaming fires around,	-1
387	thus farr to try thee, adam, i was pleas'd,	1
388	swifter far than youth's delight--	1
389	all autumn pil'd, though spring and autumn here	0
390	for 'twas e'en as a great god's slaying, and they feared the wrath of the sky;	-1
391	but heaven in thy creation did decree,	0
392	and i've been like that silly girl.	-1
393	burns in thee, child?--what good can thee betide,	0
394	skins of otter, lynx, and ermine,	0
395	to make a body curse.	-1
396	no, no, you have dismiss'd me; and i go	0
397	and full of wonder, full of hope as he.	1
398	were murmuring on the stifling air	-1
399	how poor these pallid phrases seem,	-1
400	‘these monsters, set out in the open sun,	-1
401	before the saintly soul, whose human will	1
402	and on her ample square from side to side	0
403	and hold the hours as joshua stayed the sun,--	0
404	he scarce had ended, when those two approachd	0
405	blindness like that would scare the mole and bat,	-1
406	did from the altar steal a smouldering brand,	-1
407	"he whose lot hath been	0
408	our present, our past, our to be,	0
409	now rise and look upon me."  and she rose,	0
410	came sages urging on his foamy steed:	0
411	is beaten by the winds, with foggy vapours bound.	-1
412	and finde thee knowing not of beasts alone,	0
413	apple-blossoms pink, and low	0
414	pride of thy sex, miss harriet martineau!	1
415	we’ll say instead, the inconsequent creature, man,—	0
416	until the bitter summons fell--	-1
417	with level wings swinging	0
418	lift not your hands in the banded war,	0
419	would my heart and life flow onward, deathward, through this dream of	2
420	but de lawd is all aroun' you,	0
421	in slumber; for thine enemy never sleeps,	-1
422	to hold it fast.	0
423	tain't the words alone, but feelin's,	0
424	no angry bolt, but harmless flame.	2
425	the beauty and the joy of their renewed might.	1
426	oh, those days, so sweet, so happy,	1
427	if men are always at a loss	-1
428	they were wet, and glistened with raindrops, shed	0
429	and circling wonders fill the vast profound.	1
430	the love that lived through all the stormy past,	2
431	but it is not enough, ah! not enough	0
432	the pyramids have risen.	0
433	"play uppe, play uppe, o boston bells!	1
434	is plain, thou say'st: but wherefore god this way	0
435	to rise upon some other shore,	0
436	at dusk of eve,	0
437	and then, as is my wont, i told	0
438	with warning cough and threatening wheeze	-1
439	who had my mother's servant been,	0
440	daily struggling, though unloved and lonely,	-1
441	there's a certain slant of light,	0
442	honour to the old bow-string!	1
443	fall again.	0
444	love, on myriad lips fairer than yours, kisses you could not give! . . .	2
445	how heavy it seemed! as heavy as a stone;	-1
446	concerning him ye wot of, thus to think	0
447	thou too art victor, rochambeau!	1
448	when thou hadst overcome the sharpness of death, thou didst open the kingdom of heaven to all believers.	2
449	and wit, like ocean, rose and fell?--	2
450	how they had waited for him, to complete	0
451	heart as though with ashes blending;	-1
452	and give a meaning to their lives; and still	0
453	along the track. afore the noonday meal	0
454	but descend to the ocean again.	0
455	and yet its whole career	0
456	when waves forget to roll.	0
457	i see two boats with nets, lying off the shore of paumanok, quite still;	0
458	rais’d on the seas, the surges to control—	0
459	passing to lap thy waters, crushed the flower	-1
460	ay, knelt and worshipped on, as love in beauty's bower,	1
461	the tale is one of distant skies;	0
462	the herded wolves, bold only to pursue;	0
463	would we were bidden with the rest!	0
464	feel the pulses of the brave	1
465	sparked a ruby through its heart,	1
466	from the overhanging branches,	0
467	i see them mix'd with george's sons,	0
468	i watch you in your crystal sphere,	0
469	daih 's de ho'n a blowin'!	0
470	to teach in schools of little country towns	0
471	listening, with half-suspended breath,	0
472	beneath thy gracious feet!	1
473	his hand the captive's fetters broke,	-1
474	did this wood come floating thick	0
475	and confessors betwixt.	0
476	his boundless gulfs and built his shore, thy breath,	0
477	a hundred years, and fifty more, had spread their leaves and snows,	0
478	and yet perhaps you had been startled less	0
479	and say, ‘fie, pale-face! are you english girls	0
480	at length they turn to nothing else but down,	0
481	and, waking, find it vision,--none the less	0
482	here on the street as strangers do,	0
483	it is but three times thou hast set thine eyes	0
484	behind the heads of children) compliments,	0
485	pulled by mules dat run like rabbits, each one tryin' to git ahead.	0
486	unclasped the rusty belt beneath,	0
487	you heard the news from vincent carrington.	0
488	got the ill name of augurs, because they were bores, —)	-1
489	sire, son, and grandson; so the century glides;	0
490	but she guesses he is near,	0
491	and so,	0
492	and tender thoughts, and prayers, remains,	1
493	then thro’ his breast his fatal sword he sent,	-1
494	"i mean estelle has always held the purse."	0
495	though books on manners are not out of print,	0
496	so, then, without a word that might offend	0
497	seed-field of simpler manners, braver truth,	1
498	the pain when it did live,	-1
499	busy, with sacerdotal tailorings	0
500	upon whose boughs were wicker cages hung,	0
501	soft, discontented eyes!	-1
502	she still must keep the locket to allay	0
503	and the rude people rage with ignorant cries	-1
504	skirting the stream.	0
505	"o lord, that didst smother mankind in thy flood,	-1
506	the silence, and the rain.	0
507	is this a time to be cloudy and sad,	-1
508	blood-dipped arrows, which savages make	-1
509	i think i'll just call up my wife and tell her	0
510	the moon and the stars were anxious	-1
511	they shaped our future; we but carve their names.	0
512	nor the president in his presidency, nor the rich in his great house.	2
513	in our embraces we again enfold her,	1
514	robe us once more in heaven-aspiring creeds	1
515	in the twilight of age all things seem strange and phantasmal,	-1
516	back to its mansion call the fleeting breath?	0
517	the very gods arising mid their carven images:	0
518	ah! still, methinks, i hear them calling;	0
519	a wild and stormy sea;	-1
520	"sir, ye shall find him, if ye follow up	0
521	tis the djinns' wild streaming swarm	0
522	how many times we must have met	0
523	dark with more clouds than tempests are,	-1
524	then the smile from her bright eyes faded and a flush came over her cheek	2
525	lowly and soft she said it; but spake out louder now:	0
526	the sower scatters broad his seed,	0
527	and thus each tint or shade which falls,	0
528	the dust of half a century lies	0
529	above the myriad roofs and spires rise;	0
530	and they whispered to each other:	0
531	then he stripped the shirt of wampum	0
532	at least if so we can, and by the head	0
533	here comes the cripple jane!"  and by a fountain's side	-1
534	to me that time did not appeire:	0
535	so neighbour'd to him, and yet so unseen	0
536	the wondering rabbi sought the temple's gate.	0
537	are angel faces, silent and serene,	1
538	ef zeke had be'n the bigges' man	0
539	and when i bade the dream	0
540	and tip with feathers, orange and green,	0
541	or at the church, she ever bore herself	0
542	how nature to the soul is moored,	0
543	"rubadub! rubadub! wake and take the road again,	0
544	i do not keer a jot;	0
545	swifter was the hunter's rowing,	1
546	let the scared dreamer wake to see	0
547	(like essence-peddlers) thet'll make folks long to be without 'em,	0
548	as if we guessed what hers have been,	0
549	which goaded him in his distress	-1
550	o so many, many, many	0
551	lord, remember me!"	0
552	far from the woods where, when the sun has set,	0
553	abloom by sacred streams	1
554	nathless, as hath been often tried,	0
555	i feel the road unroll,	0
556	and not be nearer therefore to the moon,	0
557	forelaid and taken, while he strove in vain	-1
558	and country eyes, and quiet faces --	0
559	some come ridin' in top-buggies wid de w'eels all painted red,	0
560	when blighting was nearest.	-1
561	i can see how you might. but i don't know!	0
562	the orchestra had cheered till they were hoarse,	2
563	pillars by madness multiplied;	-1
564	"now the place where the accident occurred----"	0
565	a poet in his youth, and the cuckoo-bird	0
566	no rest that throbbing slave may ask,	-1
567	o'er time's delusive tide.	-1
568	“i’m going to put you on the farm next to it.”	0
569	no word for a while spake regin; but he hung his head adown	-1
570	"he!  patron!	0
571	three lives, three strides, three foot-prints in the sand;	0
572	till they have told their fill, could scarce express	0
573	the morning and the evening made his day.	0
574	"stella, see that grasshopper	0
575	of blooming myrtle and faint lemon-flowers,	0
576	let us do our work as well,	0
577	we hear our mother call from deeps of time,	0
578	of brynhilda's love and the wrath of gudrun.	2
579	who digs last year's potato hill?--	0
580	those hours the ancient timepiece told,--	0
581	would split, for size of me.	0
582	in just the dress his century wore;	0
583	his song, though very sweet, was low and faint,	2
584	then to tell.	0
585	my winter sports begin.	0
586	envy and calumny and hate and pain,	-1
587	the play is done,--the curtain drops,	0
588	and murmured a strange and solemn air;	-1
589	the cloud is gone that wove the sandstone,	0
590	i see little and large sea-dots, some inhabited, some uninhabited;	0
591	time never did assuage;	0
592	that saw the cross without the bear.	0
593	the deer invites no longer	0
594	taught by the sorrows that his age had known	-1
595	like slippers after shoes.--	0
596	and willing grow old	0
597	to paris, and you make no sign at all.	0
598	from the pulpit read the preacher, "goodman garvin and his wife	0
599	even hearts estranged would turn once more to me,	2
600	the china dustless, the keen knife-blades bright,	1
601	was in cremona's workshops made,	0
602	an honest tongue may drop a harmless hint.	1
603	you shall not find the sons of atreus here,	0
604	to intercept the sunshine and your face.	0
605	playmates' glad symphony.	1
606	her lion-port, her awe-commanding face,	1
607	my father’s sister started when she caught	0
608	how you sprang! how you threw off the costumes of peace with indifferent hand;	2
609	these fly to the heavens--their course never ends,	0
610	not in the close successive rattle	0
611	a man in the wars delighting, blind-eyed through right and wrong:	2
612	--so they feast in the hall of atli, and that eve is the first of the seven.	1
613	i turned, and saw behind me surge	0
614	to turnus only second in the grace	0
615	on winter afternoons,	0
616	their heads, distilling gore, his chariot grace.	2
617	let sophists give the lie, hearts droop, and courtiers play the worm,	-1
618	they say that 'time assuages,' --	0
619	the story of a spavined steed;	0
620	swifter far than happy night,	1
621	around my will to link it with her own,	0
622	in the worst of his poems are mines of rich matter,	2
623	upon sea-beaten cape,	0
624	by a great master of the past,	1
625	counts his nectars -- enters,	0
626	all over the vale below.	0
627	while with thy childlike faith we lean	0
628	and to the tender heart and brave	1
629	a wagon, overarched with evergreen,	0
630	upon her sister dear,	0
631	"before god, sir, i vow, when you are gone,	0
632	“acca, ’tis past! he swims before my sight,	0
633	east, west, north, south, are his domain.	0
634	with the earls of the goths about her: so queenly did she seem,	1
635	with spring’s delicious trouble in the ground	2
636	they are fastened well, nom d'un chien!	0
637	the fraud of priests, the wrong of law,	-1
638	"a quick consumption, that no art could cure!	0
639	around thy place of slumber glowing!	1
640	love works at the centre,	0
641	obliterate the etchings	-1
642	of nature's gold and mints it.	0
643	shall dwindle, shall blend,	0
644	and leaves the world to darkness and to me.	-1
645	a story of the days of old,	0
646	he bent and kissed her head, warm, shining, soft,	1
647	and she passed out between the blessed things,	2
648	"how to observe" is what thy pages show,	0
649	that satraps would have shivered at his frown,	-1
650	dey kin talk from hyeah to yandah,	0
651	by his sacrifice, foreknown	0
652	first, he mused what the animal substance or herb is	0
653	harsh, featureless, and rude, barrenly perish:	-1
654	three banks in three degrees the sailors bore;	0
655	and that unrest which men miscall delight,	2
656	and friendship's tenderest sympathy	1
657	her eye proclaims her of the briton line:	0
658	in a dell mid lawny hills,	0
659	that thou should'st smile again?"--the evening came,	0
660	eliab this occasion seized,	0
661	and changing like a poet's rhymes,	0
662	my breast was calm as summer's sea	1
663	oblivion's blankness claims	-1
664	when your rights was our wrongs, john,	2
665	godminster chimes	0
666	nothin' to du but watch my shadder's trace	0
667	mere raft of stone;	0
668	a spirit, neither here nor there,	0
669	tormented by the quickened blood of roots,	-1
670	and then, to go to sleep;	0
671	with passionate longing burning,	1
672	where the cloudy hangings waver and the flickering shadows fall,	-1
673	were i once more the lover	0
674	even while we gaze, though it awhile avail	0
675	well, i guess i looked at that hand	0
676	a man may see the moon so, in a pond,	0
677	ah, soul of mine! so brave and wise	1
678	the oriole in the elm; the noisy jay,	0
679	left the torn human heart, their food and dwelling-place.	-1
680	once upon a time, i lay	0
681	still is my heart and vacant is my breath--	0
682	with sharp turns weaving	0
683	flew to and fro,	0
684	here on the cliff beneath the oleanders	0
685	his pass to the majestical far shore.	1
686	and virtue's bright image, enstamped on the mind,	1
687	then he said "amarant"; and the damsel drew	0
688	inexorable death; and claims his right.	-1
689	trailing, wrecked, it came to land,	-1
690	...    and call to him.	0
691	how seen? how known? as through your glass	0
692	(so thick they crowd), 'tis hardly seen.	0
693	we were content to show,	0
694	young childhood, with a moisten'd eye,	0
695	dead among the shouting people,	-1
696	on their tracks his eyes were fastened,	0
697	darling, the merciful father	1
698	bird that from the nadir's floor	0
699	to touch such goodness with a grimy palm.	2
700	the willows, and the hazel copses green,	0
701	the likeness of the wood's remembered leaves.	0
702	his days in peace; but his straight lips were bent,	2
703	for vessels moulded by a mortal hand?	0
704	from the slaughtering of my offspring, and the spoiling of my land;	-1
705	what i have heard,	0
706	but laon? on high freedom's desert land	0
707	the soul with sweetness, and like an adept	1
708	on that shaded day,	0
709	no answer came; but faint and forlorn	-1
710	the lady eunice such a life she flew	0
711	and heavy as the dead.	-1
712	i would not live alway--live alway below!	0
713	for suddenly the sweet bells overcame	1
714	yon creamy lily for their pavilion	0
715	a woman has been strangled with less weight:	-1
716	appeared to me,--may i again behold it!	0
717	howled through the dark, like sounds from hell.	-1
718	make a fragrance of her fame.	1
719	betrayed how mightily its heart was stirred,	2
720	overleaning, with flickering meaning and sign,	0
721	thy outward thus with outward praise is crowned,	1
722	troubling with life the waters of the world.	-1
723	no man could compete with kwasind.	0
724	that by nor sound nor word	0
725	when our mother nature laughs around;	1
726	from kindling spark struck out from dead king's brow,	2
727	and the words which he utters, are--worship, or die!	-1
728	precisely, at all events, what he ought not,	0
729	rang the beautiful wild chimes	1
730	first feels the gathering head of steam,	0
731	the weird pathetic scarlet of day dawning,	-1
732	and to thy brief captivity was brought	0
733	and listening to thy home's familiar chime	0
734	sometimes towards heav'n and the full-blazing sun,	1
735	all right,' says t'other, 'only step round smart;	0
736	grander, nobler, than that pilot	1
737	dearest, why should i mourn, whimper, and whine, i that have yet to live?	2
738	in every health we drink, my boys,	0
739	but your dead-ripe ones ranges high fer treatin' nothun bretherin;	-1
740	where holds the soul communion with its god,	0
741	so runs the perfect cycle of the year.	1
742	the limpid ocean mirrors all the stars,	1
743	ashes and jet all hues outshine.	1
744	many changes have been run	0
745	as childhood's sweet delight.	1
746	"it is a lie, a damned, infernal lie!"	-1
747	bred onely and completed to the taste	0
748	and after that the winter cold and drear.	-1
749	thus hee in scorn. the warlike angel mov'd,	-1
750	what flecks the outer gray beyond	0
751	"does he mean himself, i wonder?	0
752	lull’d in her lap, amidst a train of loves,	1
753	come up like ocean murmurs. but the scene	0
754	and in a pleasing slumber seals his eyes:	1
755	sweet poesy from heaven	1
756	o, i can ne'er forget	0
757	the leprous corpse, touched by this spirit tender,	2
758	ambrosial odours and ambrosial flowers,	0
759	his sweeter voice a just accordance kept.	1
760	false-faces hung on strings,	-1
761	that in their lives such deadly fray they ne'er had seen before.	-1
762	her not-nice load.	-1
763	unhitched the breeching from a shaft,	0
764	tis that one told us it was life. 'for not	0
765	who fishes in the frog-pond still?	0
766	"as the gods would i see," said sigurd, "though death light up the land."	2
767	which leans over to the lane,	0
768	you hardly know when you are coming back,	0
769	but the great spirit plants it in our hearts,	0
770	nor is he, as some sages swear,	0
771	of his faint steed; the latter, as he stretch’d	0
772	i strive, i pray.	1
773	who god possesseth	0
774	these often bathed she in her fluxive eyes,	0
775	that you or yours, having an appetite,	0
776	the loveliest king of the king-folk, the man of sweetest speech,	1
777	and fears are added, and avenging flame.	-1
778	who felt your own thought worthy of record	1
779	and then, if it should be	0
780	ez though i wanted to enlist 'em,	0
781	behind the sea-wall's rugged length,	0
782	how they will tell the shipwreck	0
783	tis gone past recalling!	0
784	and stiff in fight, but serious drill's despair,	-1
785	one lucent foot's delaying tip	0
786	at his approaching footsteps.  winter came	0
787	till the deaf fury comes your house to sweep!'	-1
788	henceforth to labor's chivalry	0
789	i'll be ther in a minit.	0
790	but now i see, most cruell hee,	-1
791	our lives and safeties all;	0
792	that little barley-cake you keep from him	0
793	our wavering apparitions pass	0
794	and ye who attend her imperial car,	0
795	on the clear mirror of a loving heart,	1
796	how weak this tinkling line,	-1
797	for that’s his specialty. what creature else	0
798	her thoughts are like the lotus	0
799	thou wovest dreams of joy and fear,	2
800	that, following this slight trace,	0
801	but now for me than you—the other way.	0
802	who wrote this modest version i suppose	0
803	--the drones of the community; they feed	0
804	the echoing sounds grow fainter and then cease;	0
805	and make the liveliest monkey melancholy.	-1
806	and, between the river flowing and the fair green trees a-growing,	1
807	you'll not want business, for we need a lot	0
808	still, upon a flower,	0
809	god prosper long our noble king,	1
810	where the moloch of slavery sitteth on high,	-1
811	leave the garden walls, where blow	0
812	it's a pretty early start.	0
813	he takes you from your easy-chair,	0
814	accept the gift which i have wrought	0
815	long-drawn bill of wine and beer	0
816	a crow dot sat a-squawkin', "i's a mockin'-bird."	0
817	a day's experunce 'd prove to ye, ez easy 'z pull a trigger.	0
818	euryalus stood list’ning while he spoke,	0
819	moonstruck with love, and this still thames had heard	1
820	yea, all the world it might be, and all sounds of the earth were stilled	0
821	as hebe's foot bore nectar round	0
822	till, fur 'z i know, there aint an inch thet i could lay my han' on,	0
823	she listening sate.	0
824	from alton bay to sandwich dome,	0
825	even now eclipses the descending moon!--	0
826	some thought of me, a last fond prayer	1
827	ode read at the one hundredth anniversary of the fight at concord bridge	0
828	for wanderings sad and lone.	-1
829	and my white cottage--plain.	0
830	"onaway! my heart sings to thee,	1
831	begins, but endeth nevermore;	0
832	that throng our pilgrimage. its sympathy,	0
833	valentines, paper and tinsel,	0
834	when lips and heart refuse to part again	0
835	waiting the flutter of his homemade fly;	0
836	whereto we claim sole title by our toil,	0
837	our hope, our remembrance, our trust,	1
838	that _she_ should walk beside him on the rocks	0
839	far out, in peace, the white man's sail	0
840	of the bivouac fire apart,	0
841	such civil war is in my love and hate,	2
842	none will forget it till shall fall the deadly dart!	-1
843	that antwerp monks may sing a mass for thy poor spearmen's souls.	0
844	"sir, i have dreamed of you. i pray you, sir,	0
845	the message is not like what i have learned	0
846	the beacon-light that forth they held	0
847	as george commands, let him be wrong or right,	0
848	luck obeys the downright striker; from the hollow core,	0
849	forever quivering o'er his task,	-1
850	radiant as moses from the mount, he stood	1
851	wilt thou our lowly beds with tears of pity lave?'	-1
852	and seek the danger i was forc’d to shun.	-1
853	where your hair from your forehead swerves,	0
854	down the dark future, through long generations,	-1
855	but she always ran away and left	-1
856	with such vehement force and might	-1
857	yet both in different colours hide their art,	0
858	his regal seat, surrounded by his friends.	1
859	thinks i, the down lies dreaming	0
860	vain cries--throughout the streets thousands pursued	-1
861	and all their echoes, mourn;	-1
862	and what then doth he gather? if we know,	0
863	through the salt sea foam,	0
864	does beauty slight you from her gay abodes?	2
865	yet was this period my time of joy:	1
866	from the fair brow; she, rising, only said,	0
867	still must mine, though bleeding, beat;	-1
868	his silent sandals swept the mossy green;	0
869	nightly down the river going,	0
870	their first-born brother as a god.	1
871	but half the secret told,	0
872	and like the others does not slip	0
873	bedaubed with iridescent dirt.	0
874	in town, an' not the leanest runt	-1
875	so thick, she cannot see her lover hiding,	0
876	and so i should be loved and mourned to-night.	2
877	and _channing_, with his bland, superior look,	2
878	the head that lay against your knees	0
879	is shorter than a snake's delay,	0
880	sooner, augustine, sooner far, shall i	0
881	in every health we drink.	0
882	the end of the play.	0
883	by death's frequented ways,	-1
884	how your soft opera-music changed, and the drum and fife were heard in their stead;	2
885	rejection of his humanness	-1
886	to sunset they would sip of the tea, drink of the beer, and eat of the	0
887	to his ears there came a murmur of far seas beneath the wind	0
888	the one good man in the world who knows me, --	1
889	faint voices lifted shrill with pain	-1
890	an', fust you knowed on, back come charles the second;	0
891	in the wild glens rough shepherds will deplore	-1